modelo,tipo,preço_medio_reais,nota_global,som,anc,autonomia_horas,estilo,microfone,possui_modo_jogo,resistencia,link_review,link_amazon,link_importar,modo_ambiente,carrega_sem_fio,possui_anc,possui_modo_ambiente,possui_deteccao_uso,possui_atender_recusar,possui_play_pause,possui_avancar_musica,possui_retormar_musica,possui_chamar_assistente,possui_controle_volume,possui_configurar_toques,possui_multiponto,possui_deteccao_voz,possui_atendimento_automatico,possui_audio_espacial
Realme Buds Air 5 Pro,Intra Auricular,300,8.77,8.77,9.1,11,Hastes,9.2,Sim,IPX5,https://youtu.be/yYdHRzWAQGQ,https://amzn.to/3JO9D1C,https://s.click.aliexpress.com/e/_DdtW4lN,9,Não,Sim,Sim,Sim,Sim,Sim,Sim,Sim,Sim,Sim,Sim,Sim,Não,Sim,Sim
Tribit FlyBuds C1 Pro,Intra Auricular,420,8.77,8.76,9,8,Hastes,9,Não,IPX4,https://youtu.be/7MOI8NqShEk,https://amzn.to/3PqDCA6,https://s.click.aliexpress.com/e/_Dl2Q175,8,Não,Sim,Sim,Não,Sim,Sim,Sim,Sim,Sim,Sim,Não,Não,Não,Não,Não
Realme Buds Air 5,Intra Auricular,226,8.77,8.77,9.1,7,Hastes,9,Sim,IPX5,https://youtu.be/gWzSrnijA5U,https://amzn.to/46HW0tr,https://s.click.aliexpress.com/e/_DEUFr1v,9,Não,Sim,Sim,Sim,Sim,Sim,Sim,Sim,Sim,Sim,Sim,Não,Não,Sim,Não
OnePlus Buds Pro 2,Intra Auricular,460,8.77,8.77,9.1,9,Hastes,9,Sim,IPX4,https://youtu.be/d0br7vEIvhg,https://amzn.to/3ZiPs0C,https://s.click.aliexpress.com/e/_Dk4UAcJ,9,Sim,Sim,Sim,Sim,Sim,Sim,Sim,Sim,Sim,Não,Sim,Sim,Não,Não,Sim
QCY T13 ANC2,Intra Auricular,190,8.77,8.77,9.1,8,Hastes,8.9,Sim,IPX5,https://youtu.be/wFHEWbZvmUg,https://amzn.to/3y0k0Ms,https://mercadolivre.com/sec/2fKtNx6,9,Não,Sim,Sim,Não,Sim,Sim,Sim,Sim,Sim,Sim,Sim,Sim,Não,Não,Não
Soundcore Liberty 4 NC,Intra Auricular,380,8.77,8.77,9.2,10,Hastes,9,Não,IPX4,https://youtu.be/LCY9uf3abQs,https://amzn.to/3LJ9EF2,https://s.click.aliexpress.com/e/_DERFcjd,9,Sim,Sim,Sim,Sim,Sim,Sim,Sim,Sim,Sim,Sim,Sim,Sim,Não,Não,Sim
Soundcore Liberty 4,Intra Auricular,450,8.77,8.77,9.1,9,Hastes,9,Não,IPX4,https://youtu.be/31v16fjl320,https://amzn.to/3HlN7Ly,https://s.click.aliexpress.com/e/_DFcGqdD,9,Sim,Sim,Sim,Sim,Sim,Sim,Sim,Sim,Sim,Sim,Sim,Sim,Não,Não,Sim
Nothing Ear (2),Intra Auricular,760,8.77,8.77,9,6,Hastes,9,Sim,IP54,https://youtu.be/3GEscJsRLQw,https://amzn.to/3JK20Jh,https://s.click.aliexpress.com/e/_Dlf2KUj,9,Sim,Sim,Sim,Sim,Sim,Sim,Sim,Sim,Sim,Sim,Sim,Sim,Não,Não,Não
CMF Everything Buds,Intra Auricular,220,8.77,8.77,9,8,Hastes,8.9,Sim,IP54,https://youtu.be/6jhcfdMq5Mc,https://amzn.to/3UAiyYV,https://s.click.aliexpress.com/e/_DdHKlqL,8.9,Não,Sim,Sim,Sim,Sim,Sim,Sim,Sim,Sim,Sim,Sim,Sim,Não,Não,Não
Tranya Nova,Intra Auricular,400,8.77,8.77,9,9,Hastes,9.1,Sim,IPX4,https://youtu.be/LJCrl3X4xEw,https://amzn.to/3pWSNXI,https://amzn.to/3pWSNXI,8.75,Sim,Sim,Sim,Não,Sim,Sim,Sim,Sim,Sim,Sim,Sim,Sim,Não,Não,Não
Soundcore Liberty 3 Pro,Intra Auricular,600,8.77,8.76,9,8,Cápsulas,9,Não,IPX4,https://youtu.be/W3hnzaKJTEI,https://amzn.to/3HkTL6e,https://s.click.aliexpress.com/e/_Dd02ZoL,9,Sim,Sim,Sim,Sim,Sim,Sim,Sim,Sim,Sim,Sim,Sim,Sim,Não,Não,Não
Soundcore Liberty Air 2 Pro,Intra Auricular,400,8.77,8.76,9,7,Hastes,9,Não,IPX4,https://youtu.be/hYHyHYvoWsc,https://amzn.to/3XHzRHD,https://s.click.aliexpress.com/e/_DClK6y3,8.9,Sim,Sim,Sim,Sim,Sim,Sim,Sim,Sim,Sim,Sim,Sim,Não,Não,Não,Não
1MORE Aero,Intra Auricular,400,8.77,8.76,9.1,7,Hastes,9,Não,IPX5,https://youtu.be/oR3Tx46UQLg,https://amzn.to/3HYhk5i,https://s.click.aliexpress.com/e/_DnMqfKJ,8.9,Sim,Sim,Sim,Sim,Sim,Sim,Sim,Sim,Sim,Sim,Sim,Sim,Não,Não,Sim
1MORE Evo,Intra Auricular,635,8.77,8.76,9.1,8,Cápsulas,9,Não,IPX4,https://youtu.be/XoiJSQcAkuE,https://amzn.to/387hyY6,https://s.click.aliexpress.com/e/_DchrKSj,8.7,Sim,Sim,Sim,Sim,Sim,Sim,Sim,Sim,Sim,Sim,Sim,Sim,Não,Não,Não
Soundcore Space A40,Intra Auricular,450,8.77,8.76,9,10,Cápsulas,8.9,Sim,IPX4,https://youtu.be/HHZuzVHICYE,https://amzn.to/3G7kiDA,https://s.click.aliexpress.com/e/_DF6TMdH,8.9,Sim,Sim,Sim,Não,Sim,Sim,Sim,Sim,Sim,Sim,Sim,Sim,Não,Não,Não
Huawei Freebuds 5i,Intra Auricular,280,8.77,8.76,9,7.5,Hastes,9,Sim,IP54,https://youtu.be/ZXy7dK5Yvwg,https://amzn.to/42HoTVX,https://s.click.aliexpress.com/e/_DeqvLmr,8.8,Não,Sim,Sim,Sim,Sim,Sim,Sim,Sim,Sim,Sim,Sim,Sim,Não,Não,Não
Huawei Freebuds Pro 2,Intra Auricular,660,8.77,8.76,9,7,Hastes,8.9,Sim,IP54,https://youtu.be/wTYr4WPZAMI,https://amzn.to/3tj0NQz,https://s.click.aliexpress.com/e/_DmANVj1,8.75,Sim,Sim,Sim,Sim,Sim,Sim,Sim,Sim,Sim,Sim,Sim,Sim,Não,Não,Não
TOZO NC9,Intra Auricular,240,8.77,8.76,9,10,Cápsulas,8.8,Não,IPX6,https://youtu.be/7m-8eD3-ifg,https://amzn.to/3A4Axxc,https://s.click.aliexpress.com/e/_DBy6tmF,8.75,Sim,Sim,Sim,Não,Sim,Sim,Sim,Sim,Sim,Sim,Não,Não,Não,Não,Não
TOZO Golden X1,Intra Auricular,870,8.77,8.76,8.8,8,Cápsulas,8.8,Não,IPX6,https://youtu.be/M5rXk_EyVXo,https://amzn.to/3IVmxJF,https://s.click.aliexpress.com/e/_DdJHy1N,8.9,Sim,Sim,Sim,Não,Sim,Sim,Sim,Sim,Sim,Sim,Sim,Sim,Não,Não,Não
Samsung Galaxy Buds2 Pro,Intra Auricular,800,8.77,8.77,9,8,Cápsulas,9,Não,IPX7,https://youtu.be/qyUlIupMILc,https://amzn.to/3HeAL94,N/A,9.3,Sim,Sim,Sim,Sim,Sim,Sim,Sim,Sim,Sim,Sim,Sim,Sim,Sim,Não,Sim
Realme Buds Air 3,Intra Auricular,210,8.76,8.75,9.1,7,Hastes,8.9,Sim,IPX5,https://youtu.be/zvZmBXxwJjE,https://amzn.to/3usiE8P,https://s.click.aliexpress.com/e/_DkvjkKT,8.9,Não,Sim,Sim,Sim,Sim,Sim,Sim,Sim,Sim,Não,Sim,Sim,Não,Sim,Não
1More Pistonbuds Pro Q30,Intra Auricular,250,8.76,8.75,9.1,7.5,Hastes,9.2,Sim,IPX5,https://youtu.be/6zSuqSIeE9k,https://amzn.to/42IAaFQ,https://s.click.aliexpress.com/e/_DCjA6mH,8.75,Não,Sim,Sim,Sim,Sim,Sim,Sim,Sim,Sim,Sim,Sim,Não,Não,Não,Não
Samsung Galaxy Buds Pro,Intra Auricular,740,8.76,8.75,9,8,Cápsulas,9,Não,IPX7,https://youtu.be/HvWYVKTHBVA,https://amzn.to/3J7mRnp,N/A,9,Sim,Sim,Sim,Não,Sim,Sim,Sim,Sim,Sim,Sim,Sim,Sim,Sim,Não,Não
QCY HT07 ArcBuds,Intra Auricular,170,8.76,8.75,9,8,Cápsulas,8.7,Sim,IPX5,https://youtu.be/Kl6q7KTHp-c,https://amzn.to/3pbNQt9,https://s.click.aliexpress.com/e/_DD3gSeJ,9,Não,Sim,Sim,Não,Sim,Sim,Sim,Sim,Sim,Sim,Sim,Não,Não,Não,Não
QCY HT05 Melobuds,Intra Auricular,170,8.76,8.75,9,7.5,Hastes,8.7,Sim,IPX5,https://youtu.be/F-q-bzFLmfk,https://amzn.to/3rPgUol,https://s.click.aliexpress.com/e/_DdZ6BzV,9,Não,Sim,Sim,Não,Sim,Sim,Sim,Sim,Sim,Sim,Sim,Não,Não,Não,Não
1MORE Pistonbuds Pro,Intra Auricular,260,8.76,8.75,9.1,7.5,Cápsulas,8.9,Sim,IPX5,https://youtu.be/I9lR0jPPgNw,https://amzn.to/3tLzoI2,https://s.click.aliexpress.com/e/_Dd1fQyL,8,Não,Sim,Sim,Sim,Sim,Sim,Sim,Sim,Sim,Sim,Sim,Não,Não,Não,Não
Nothing Ear (1),Intra Auricular,790,8.76,8.75,9,5,Hastes,9,Sim,IPX4,https://youtu.be/TotFFcmTDMQ,https://amzn.to/3EBmIJB,https://s.click.aliexpress.com/e/_DkqKpYB,9,Não,Sim,Sim,Sim,Sim,Sim,Sim,Sim,Não,Sim,Sim,Não,Não,Não,Não
Huawei Freebuds Pro,Intra Auricular,450,8.76,8.75,9,7,Hastes,9,Não,N/A,https://youtu.be/uxbIAlPk-ss,https://amzn.to/3ujUEW7,https://s.click.aliexpress.com/e/_Dm523WX,8.75,Sim,Sim,Sim,Sim,Sim,Sim,Sim,Sim,Sim,Sim,Sim,Sim,Não,Não,Não
Soundpeats Opera,Intra Auricular,500,8.76,8.75,9,9,Cápsulas,8.7,Não,IPX4,https://youtu.be/kFReXN8erG0,https://amzn.to/3kcS2pZ,https://s.click.aliexpress.com/e/_DBBHCeJ,8.9,Não,Sim,Sim,Não,Sim,Sim,Sim,Não,Sim,Sim,Não,Não,Não,Não,Não
Soundcore Life P3,Intra Auricular,300,8.76,8.75,9,7,Hastes,8.9,Sim,IPX5,https://youtu.be/wYFBZMZYudg,https://amzn.to/308KcUu,https://s.click.aliexpress.com/e/_DEXiH3d,8.7,Sim,Sim,Sim,Não,Sim,Sim,Sim,Sim,Sim,Sim,Sim,Não,Não,Não,Não
Pamu Slide 2,Intra Auricular,450,8.76,8.75,9,6.5,Hastes,8.9,Sim,IPX4,https://youtu.be/OKdE8lMavQE,https://amzn.to/3z9C7wA,https://bit.ly/3PBrSYR,8.7,Sim,Sim,Sim,Sim,Sim,Sim,Sim,Sim,Sim,Sim,Sim,Não,Não,Não,Não
TOZO NC2,Intra Auricular,190,8.76,8.75,9,8,Hastes,8.8,Não,IPX6,https://youtu.be/uXNYRkdPVtA,https://amzn.to/3m5O2Wh,https://s.click.aliexpress.com/e/_Dm6qOXt,8.7,Sim,Sim,Sim,Sim,Sim,Sim,Sim,Sim,Sim,Sim,Não,Não,Não,Não,Não
Tronsmart Apollo Bold,Intra Auricular,376,8.76,8.75,9,10,Cápsulas,8.9,Não,IP45,https://youtu.be/OQlvZq-RmEc,https://amzn.to/3ApLiaX,N/A,8.5,Não,Sim,Sim,Sim,Sim,Sim,Sim,Sim,Sim,Sim,Sim,Não,Não,Não,Não
HONOR Earbuds 2 Lite,Intra Auricular,215,8.76,8.75,8.9,10,Hastes,8.5,Não,IPX4,https://youtu.be/wmnWXyRw11s,https://amzn.to/3GDnODk,https://s.click.aliexpress.com/e/_Dm3d01l,8.65,Não,Sim,Sim,Sim,Sim,Sim,Sim,Sim,Sim,Não,Sim,Não,Não,Não,Não
Huawei Freebuds 4i,Intra Auricular,350,8.76,8.75,8.9,10,Hastes,8.5,Não,IPX4,https://youtu.be/lRws0ZkAli8,https://amzn.to/3r3Xtc9,https://s.click.aliexpress.com/e/_Ddl7dAT,8.65,Não,Sim,Sim,Não,Sim,Sim,Sim,Sim,Sim,Não,Sim,Não,Não,Não,Não
Soundcore Sport X10,Intra Auricular,350,8.76,8.75,8.9,8,Com Gancho,8.8,Não,IPX7,https://youtu.be/3nL7FsMDBS4,https://amzn.to/3PTMJpA,https://s.click.aliexpress.com/e/_DE8JaQR,8.3,Não,Sim,Sim,Não,Sim,Sim,Sim,Sim,Sim,Sim,Sim,Não,Não,Não,Não
Soundpetas Air 4 Pro,Intra Auricular,315,8.76,8.75,8.74,6,Hastes,8.7,Sim,IPX4,https://youtu.be/WHMfrldND6A,https://amzn.to/42tN9Lh,https://s.click.aliexpress.com/e/_DeWccD7,8.9,Não,Sim,Sim,Sim,Sim,Sim,Sim,Não,Sim,Sim,Não,Sim,Não,Não,Não
HHOGene Gpods,Intra Auricular,690,8.75,8.75,8.75,5,Hastes,8.9,Não,IPX4,https://youtu.be/5YjkxHojYKY,https://amzn.to/3HJvc27,https://s.click.aliexpress.com/e/_DBdf0Nl,8.8,Não,Sim,Sim,Não,Sim,Sim,Sim,Sim,Sim,Não,Sim,Não,Não,Não,Não
SoundPeats T3,Intra Auricular,240,8.73,8.75,8.75,6,Hastes,8.7,Não,IPX4,https://youtu.be/R0Cm0A6gRQE,https://amzn.to/3rd61vV,https://s.click.aliexpress.com/e/_DCKZcuj,8.5,Não,Sim,Sim,Não,Sim,Sim,Sim,Não,Sim,Sim,Não,Não,Não,Não,Não
SoundPeats Mini Pro HS,Intra Auricular,250,8.73,8.75,8.75,8,Cápsulas,8.7,Sim,IPX5,https://youtu.be/-UUqzeG0usQ,https://amzn.to/3XG5bXk,https://s.click.aliexpress.com/e/_DCEStr9,8.5,Não,Sim,Sim,Não,Sim,Sim,Sim,Não,Sim,Sim,Não,Não,Não,Não,Não
Soundcore Life P3i,Intra Auricular,300,8.73,8.75,8.75,9,Hastes,8.7,Não,IPX5,https://youtu.be/bF0pmt7o5rY,https://amzn.to/3J2gtPz,https://s.click.aliexpress.com/e/_Dn10a0b,8.5,Não,Sim,Sim,Não,Sim,Sim,Sim,Sim,Sim,Sim,Sim,Não,Não,Não,Não
SoundPeats Mini Pro,Intra Auricular,200,8.73,8.75,8.75,7,Cápsulas,8.7,Sim,IPX5,https://youtu.be/y3xa9yPVh80,https://amzn.to/3Ju5AED,https://s.click.aliexpress.com/e/_DCsJzBz,8.3,Não,Sim,Sim,Não,Sim,Sim,Sim,Não,Sim,Sim,Não,Não,Não,Não,Não
SoundPeats T2,Intra Auricular,260,8.73,8.75,8.75,10,Cápsulas,8.7,Não,IPX5,https://youtu.be/4QqGZSEHxPo,https://amzn.to/2YtYJcZ,https://s.click.aliexpress.com/e/_DkpMUub,8.3,Não,Sim,Sim,Não,Sim,Sim,Sim,Não,Sim,Sim,Não,Não,Não,Não,Não
Edifier TWS NB2 Pro,Intra Auricular,340,8.73,8.75,8.75,9,Hastes,8.7,Sim,IP54,https://youtu.be/U4eFI-Nr3YQ,https://amzn.to/3090HQp,https://s.click.aliexpress.com/e/_Dn1fwNd,8.7,Não,Sim,Sim,Sim,Sim,Sim,Sim,Não,Não,Não,Não,Não,Não,Não,Não
Pamu Z1,Intra Auricular,345,8.73,8.75,8.75,6.5,Hastes,8.5,Sim,IPX4,https://youtu.be/d6z5a-H4bIo,https://amzn.to/3oKxup9,https://bit.ly/3SvJqYr,8.5,Sim,Sim,Sim,Não,Sim,Sim,Sim,Sim,Sim,Sim,Sim,Não,Não,Não,Não
SoundPeats Capsule 3 Pro,Intra Auricular,290,8.73,8.75,8.7,8,Hastes,8.4,Sim,IPX4,https://youtu.be/csQfRxg0pfg,https://amzn.to/3HccP64,https://s.click.aliexpress.com/e/_Dmw5Vun,9,Não,Sim,Sim,Não,Sim,Sim,Sim,Não,Sim,Sim,Não,Não,Não,Não,Não
Ugreen HiTune X6,Intra Auricular,160,8.73,8.75,8.7,6,Hastes,8.7,Sim,IPX5,https://youtu.be/Oqrt860Yo9s,https://amzn.to/3FEqEHU,https://s.click.aliexpress.com/e/_DBugi2X,N/A,Não,Sim,Não,Não,Sim,Sim,Sim,Sim,Sim,Sim,Não,Não,Não,Não,Não
Ugreen HiTune T3,Intra Auricular,210,8.73,8.75,8.7,7,Hastes,8.7,Não,N/A,https://youtu.be/HBDeXnMoHdI,https://amzn.to/3rTMr8t,https://s.click.aliexpress.com/e/_DmJMrJd,8.65,Não,Sim,Sim,Não,Sim,Sim,Sim,Sim,Sim,Não,Não,Não,Não,Não,Não
Pamu Quiet Mini,Intra Auricular,395,8.73,8.75,8.6,4.5,Hastes,8.7,Sim,IPX4,https://youtu.be/CE1aDluS37Y,https://amzn.to/2WYsrpI,https://bit.ly/3BJEucy,8.75,Sim,Sim,Sim,Não,Sim,Sim,Sim,Sim,Sim,Sim,Sim,Não,Não,Não,Não
Stage Hero 6,Intra Auricular,200,8.73,8.75,8.6,6,Hastes,8.6,Sim,IPX5,https://youtu.be/HDLfKPUjGuA,https://amzn.to/3Y6oKJm,https://amzn.to/3Y6oKJm,8.5,Não,Sim,Sim,Não,Sim,Sim,Sim,Sim,Sim,Não,Não,Não,Não,Não,Não
Moondrop Space Travel,Intra Auricular,150,8.73,8.75,8.5,4,Hastes,9,Sim,N/A,https://youtu.be/UWVF3UaaULs,https://amzn.to/3UGRyJ7,https://s.click.aliexpress.com/e/_DezvFkV,8.75,Não,Sim,Sim,Não,Sim,Sim,Sim,Sim,Sim,Não,Sim,Não,Não,Não,Não
OneOdio Super EQ S10,Intra Auricular,150,8.73,8.75,8.5,6,Hastes,9.1,Sim,IPX5,https://youtu.be/NXM_xG2nchc,https://amzn.to/49HB1bR,https://s.click.aliexpress.com/e/_DD2r1HP,8.8,Não,Sim,Sim,Não,Sim,Sim,Sim,Sim,Sim,Não,Não,Não,Não,Não,Não
Haylou Moripods ANC,Intra Auricular,190,8.73,8.75,8.3,10,Hastes,8.7,Sim,N/A,https://youtu.be/JXLdov7lkOA,https://amzn.to/3nD5VQb,https://s.click.aliexpress.com/e/_DdNClGn,8.5,Não,Sim,Sim,Não,Sim,Sim,Sim,Sim,Não,Não,Não,Não,Não,Não,Não
Realme Buds Air Pro,Intra Auricular,360,8.73,8.75,8.3,6,Hastes,8.5,Sim,IPX4,https://youtu.be/WWeqskuGD38,https://amzn.to/3iJqCoc,N/A,8.3,Não,Sim,Sim,Sim,Sim,Sim,Sim,Sim,Sim,Não,Sim,Não,Não,Não,Não
Tronsmart Apollo Air,Intra Auricular,200,8.72,8.7,8.3,5,Hastes,8.7,Não,IP54,https://youtu.be/g4QjPrq8JdM,https://amzn.to/2WTYK98,N/A,8.3,Sim,Sim,Sim,Não,Sim,Sim,Sim,Sim,Sim,Sim,Sim,Não,Não,Não,Não
Mifo S,Intra Auricular,690,8.72,8.74,9.1,6,Cápsulas,9,Sim,IPX7,https://youtu.be/VcpJHRt5RZY,https://amzn.to/3P9aJGA,https://s.click.aliexpress.com/e/_DChEiE3,8.8,Não,Sim,Sim,Não,Sim,Sim,Sim,Sim,Sim,Sim,Não,Não,Não,Não,Não
1MORE ComfoBuds Mini,Intra Auricular,430,8.72,8.74,9.1,6,Cápsulas,8.3,Não,IPX5,https://youtu.be/0Khv0OUNY5M,https://amzn.to/3wkzfLN,https://s.click.aliexpress.com/e/_DEuvxSb,8.3,Sim,Sim,Sim,Sim,Sim,Sim,Sim,Sim,Sim,Sim,Sim,Não,Não,Não,Não
SoundPeats Life,Intra Auricular,150,8.72,8.74,9,5,Hastes,8.4,Sim,N/A,https://youtu.be/Woux4TJ4a7k,https://amzn.to/3CXKRIK,https://s.click.aliexpress.com/e/_DEu79YX,8.9,Não,Sim,Sim,Não,Sim,Sim,Sim,Não,Sim,Sim,Não,Não,Não,Não,Não
Moondrop Nekocake,Intra Auricular,220,8.72,8.74,8.75,4,Hastes,8.9,Sim,N/A,https://youtu.be/bhRWg9EZM0I,https://amzn.to/41PPobi,https://s.click.aliexpress.com/e/_DkiLhyr,N/A,Não,Sim,Não,Não,Sim,Sim,Sim,Sim,Sim,Não,Sim,Não,Não,Não,Não
QCY T13 ANC,Intra Auricular,120,8.72,8.74,8.75,7,Hastes,8.75,Sim,IPX5,https://youtu.be/rElGXvxll_U,https://amzn.to/3yMwRiM,https://s.click.aliexpress.com/e/_DBz8YbZ,8.75,Não,Sim,Sim,Não,Sim,Sim,Sim,Sim,Sim,Sim,Sim,Não,Não,Não,Não
Baseus Storm 1,Intra Auricular,400,8.72,8.74,8.9,5,Hastes,8.8,Sim,N/A,https://youtu.be/BkwlRx4ZkKs,https://amzn.to/3T3dYAI,https://s.click.aliexpress.com/e/_DdBUWVH,8.7,Não,Sim,Sim,Sim,Sim,Sim,Sim,Sim,Sim,Não,Sim,Sim,Não,Não,Não
SoundPeats Air 3 Pro,Intra Auricular,230,8.72,8.74,8.5,6,Hastes,8.7,Sim,N/A,https://youtu.be/1ptH5U4Zbfs,https://amzn.to/3AIwnMu,https://s.click.aliexpress.com/e/_DD1O3cX,8.3,Não,Sim,Sim,Não,Sim,Sim,Sim,Não,Sim,Sim,Não,Não,Não,Não,Não
Haylou X1 Pro,Intra Auricular,230,8.72,8.74,8.3,6,Hastes,8.65,Sim,N/A,https://youtu.be/-HRc1N8fIzk,https://amzn.to/3TYEmwy,https://s.click.aliexpress.com/e/_Deimq8x,8.5,Não,Sim,Sim,Não,Sim,Sim,Sim,Sim,Sim,Não,Não,Não,Não,Não,Não
Nuarl N10 Plus,Intra Auricular,N/A,8.72,8.74,8,7,Cápsulas,8.9,Sim,IPX4,https://youtu.be/IoYH1qG4mec,N/A,https://nuarl.com/,8.65,Não,Sim,Sim,Não,Sim,Sim,Sim,Sim,Sim,Sim,Sim,Sim,Não,Não,Não
Xiaomi Redmi Buds 4 Pro,Intra Auricular,240,8.72,8.73,9.1,9,Hastes,8.9,Não,IP54,https://youtu.be/HNzKTUNN1dw,https://amzn.to/3zHy7Ub,https://s.click.aliexpress.com/e/_DEeh6mn,8.8,Não,Sim,Sim,Sim,Sim,Sim,Sim,Sim,Sim,Sim,Sim,Sim,Não,Sim,Não
1MORE Comfobuds Pro,Intra Auricular,455,8.72,8.73,8.8,8,Hastes,8.5,Não,IPX4,https://youtu.be/WBARlBKSiCM,https://amzn.to/3BGlDuX,https://s.click.aliexpress.com/e/_DmL2cFv,8.6,Não,Sim,Sim,Sim,Sim,Sim,Sim,Sim,Sim,Sim,Sim,Não,Não,Não,Não
Baseus Bowie M2,Intra Auricular,230,8.72,8.73,8.75,5,Hastes,8.5,Sim,N/A,https://youtu.be/FzFsgqvikK8,https://amzn.to/3rpBtbb,https://s.click.aliexpress.com/e/_DDMWWVl,8.4,Não,Sim,Sim,Sim,Sim,Sim,Sim,Sim,Sim,Não,Sim,Não,Não,Não,Não
Baseus Bowie M2s,Intra Auricular,160,8.72,8.7,8.8,7,Hastes,9,Sim,N/A,https://youtu.be/3elWZzR2VHQ,https://amzn.to/3QCPBd4,https://s.click.aliexpress.com/e/_DdP4Sxh,8.75,Não,Sim,Sim,Sim,Sim,Sim,Sim,Sim,Sim,Não,Sim,Não,Não,Não,Sim
Baseus SIMU S2,Intra Auricular,340,8.72,8.7,8.75,6,Hastes,8.7,Não,IPX4,https://youtu.be/927JdWcirgA,https://amzn.to/3BrD9Eb,https://s.click.aliexpress.com/e/_Dn0ebYL,8.4,Sim,Sim,Sim,Sim,Sim,Sim,Sim,Sim,Sim,Não,Não,Não,Não,Não,Não
Baseus SIMU S1,Intra Auricular,210,8.72,8.7,8.7,5,Hastes,8.5,Não,IP54,https://youtu.be/f8KazRhDN7o,https://amzn.to/3Dmlgaj,https://s.click.aliexpress.com/e/_DBQILt1,8.3,Não,Sim,Sim,Não,Sim,Sim,Não,Não,Sim,Não,Não,Não,Não,Não,Não
Baseus SIMU S1 Pro,Intra Auricular,240,8.72,8.7,8.7,5,Hastes,8.5,Não,IP54,https://youtu.be/f8KazRhDN7o,https://amzn.to/3mCTks4,https://s.click.aliexpress.com/e/_DBQILt1,8.3,Sim,Sim,Sim,Não,Sim,Sim,Não,Não,Sim,Não,Não,Não,Não,Não,Não
Blitzwolf BW-FYE11,Intra Auricular,360,8.72,8.7,8.7,6.5,Hastes,8.5,Não,IPX4,https://youtu.be/XljhdiuBX2k,https://amzn.to/3mFdsd5,N/A,8.3,Não,Sim,Sim,Não,Sim,Sim,Sim,Sim,Sim,Sim,Não,Não,Não,Não,Não
Tronsmart Onyx Apex,Intra Auricular,250,8.72,8.65,8.5,5,Hastes,8.5,Não,IP45,https://youtu.be/gEBq-G_N0bg,https://amzn.to/3AoVvUW,N/A,8,Não,Sim,Sim,Não,Sim,Sim,Sim,Sim,Sim,Sim,Não,Não,Não,Não,Não
QCY-HT03,Intra Auricular,140,8.72,8.6,8.8,6,Hastes,8,Sim,N/A,https://youtu.be/1cx1_Ls58V8,https://amzn.to/3DsRDnT,https://s.click.aliexpress.com/e/_Dd3MkQX,8,Não,Sim,Sim,Não,Sim,Sim,Sim,Sim,Sim,Sim,Sim,Não,Não,Não,Não
QCY-HT01,Intra Auricular,210,8.72,8.6,8.5,6,Cápsulas,8.7,Sim,IPX4,https://youtu.be/W7DP6SdByhI,https://amzn.to/3tmTlTt,N/A,8.5,Sim,Sim,Sim,Sim,Sim,Sim,Sim,Sim,Sim,Sim,Sim,Não,Não,Não,Não
Xiaomi Redmi Airdots 3 Pro (Buds 3 Pro),Intra Auricular,180,8.72,8.6,8.3,6,Cápsulas,8.8,Não,IPX4,https://youtu.be/JvwCLGAOJSc,https://amzn.to/3AnbgvG,https://s.click.aliexpress.com/e/_DFbpiz5,8.7,Sim,Sim,Sim,Sim,Sim,Sim,Sim,Não,Não,Não,Não,Sim,Não,Não,Não
Haylou T16,Intra Auricular,315,8.72,8.6,8,6,Cápsulas,8.7,Sim,IPX5,https://youtu.be/DQxbZaaQlzM,https://amzn.to/3BpwRVj,N/A,8.5,Sim,Sim,Sim,Sim,Sim,Sim,Sim,Sim,Sim,Sim,Sim,Não,Não,Não,Não
Awei TA1 ANC,Intra Auricular,235,8.72,8.6,8,4,Hastes,8.6,Sim,IPX4,https://youtu.be/BUkUpoF8Pj8,https://amzn.to/2YuFwb9,N/A,8.3,Não,Sim,Sim,Não,Sim,Sim,Sim,Sim,Sim,Não,Não,Não,Não,Não,Não
Vohz Connect F9-5,Intra Auricular,60,8.72,8.6,N/A,5,Cápsulas,7.3,Não,N/A,N/A,https://amzn.to/3UuNcTq,https://mercadolivre.com/sec/25G3Bbe,N/A,Não,Não,Não,Não,Sim,Sim,Sim,Sim,Sim,Sim,Não,Não,Não,Não,Não
THIEAUDIO Hype 2,Intra Auricular,1600,8.71,9,N/A,N/A,Com Fio,N/A,Não,N/A,https://youtu.be/LWk8C_aLSIE,https://amzn.to/45VRzL0,https://s.click.aliexpress.com/e/_DELs7AP,N/A,Não,Não,Não,Não,Não,Não,Não,Não,Não,Não,Não,Não,Não,Não,Não
SIMGOT EA500,Intra Auricular,400,8.71,8.8,N/A,N/A,Com Fio,N/A,Não,N/A,https://youtu.be/Tho9PiaQmY8,https://amzn.to/3qrS4O0,https://s.click.aliexpress.com/e/_DE91tW3,N/A,Não,Não,Não,Não,Não,Não,Não,Não,Não,Não,Não,Não,Não,Não,Não
KZ ZSN Pro,Intra Auricular,65,8.71,8.79,N/A,N/A,Com Fio,9,Não,N/A,https://youtu.be/EnEt02d0LMc,https://amzn.to/3B2JJUn,https://s.click.aliexpress.com/e/_DDgqwnt,N/A,Não,Não,Não,Não,Sim,Sim,Sim,Sim,Sim,Sim,Não,Não,Não,Não,Não
QKZ x HBB Khan,Intra Auricular,200,8.71,8.79,N/A,N/A,Com Fio,9,Não,N/A,https://youtu.be/vibs-bwsMPw,https://amzn.to/3E5axnh,https://s.click.aliexpress.com/e/_DmW3zwF,N/A,Não,Não,Não,Não,Sim,Sim,Sim,Sim,Não,Não,Não,Não,Não,Não,Não
KZ ZSN Pro + AZ10,Intra Auricular,140,8.71,8.78,N/A,6,Com Gancho,8,Sim,N/A,https://youtu.be/EnEt02d0LMc,https://amzn.to/3nZISMc,https://s.click.aliexpress.com/e/_DkdePP5,N/A,Não,Não,Não,Não,Sim,Sim,Sim,Sim,Sim,Não,Não,Não,Não,Não,Não
ZIIGAAT Cinno,Intra Auricular,515,8.71,8.77,N/A,N/A,Com Fio,N/A,Não,N/A,https://youtu.be/9B1A-IJR-e0,https://amzn.to/3U4rSWn,https://s.click.aliexpress.com/e/_DefCRBT,N/A,Não,Não,Não,Não,Não,Não,Não,Não,Não,Não,Não,Não,Não,Não,Não
SoundPeats H1,Intra Auricular,300,8.71,8.77,N/A,10,Cápsulas,8.9,Sim,IPX5,https://youtu.be/yp22yQ-FRQM,https://amzn.to/3Dltbok,https://s.click.aliexpress.com/e/_Dchuamr,N/A,Sim,Não,Não,Não,Sim,Sim,Sim,Sim,Sim,Sim,Não,Não,Não,Não,Não
KZ SK10 Pro,Intra Auricular,270,8.71,8.77,N/A,6,Cápsulas,8.7,Sim,N/A,https://youtu.be/cYBMKAkKS28,https://amzn.to/3IP6dKo,https://s.click.aliexpress.com/e/_DE8HaDd,N/A,Não,Não,Não,Não,Sim,Sim,Sim,Sim,Sim,Não,Não,Não,Não,Não,Não
KZ Z3,Intra Auricular,N/A,8.71,8.77,N/A,6,Cápsulas,8.7,Sim,N/A,https://youtu.be/4LX6kOwJbyw,https://amzn.to/3vqe5w7,https://s.click.aliexpress.com/e/_DDjGF8f,N/A,Não,Não,Não,Não,Sim,Sim,Sim,Sim,Sim,Não,Não,Não,Não,Não,Não
Soundcore A20i,Intra Auricular,150,8.71,8.76,N/A,9,Cápsulas,8.9,Sim,IPX5,https://youtu.be/ih4Xm0BFM08,https://amzn.to/3Xloeao,https://s.click.aliexpress.com/e/_DdtPVyR,N/A,Não,Não,Não,Não,Sim,Sim,Sim,Sim,Sim,Sim,Sim,Não,Não,Não,Não
Soundcore P20i,Intra Auricular,150,8.71,8.76,N/A,10,Hastes,8.9,Sim,IPX5,https://youtu.be/XJi-sguxRO8,https://amzn.to/469iSD3,https://s.click.aliexpress.com/e/_DBOxwYj,N/A,Não,Não,Não,Não,Sim,Sim,Sim,Sim,Sim,Sim,Sim,Não,Não,Não,Não
QCY T13X,Intra Auricular,220,8.71,8.76,N/A,8,Hastes,8.9,Sim,IPX5,https://youtu.be/FN-xIUrxqJA,https://amzn.to/3UtCldZ,https://mercadolivre.com/sec/2VQntyB,N/A,Não,Não,Não,Não,Sim,Sim,Sim,Sim,Sim,Sim,Sim,Não,Não,Não,Não
Soundcore Life A1,Intra Auricular,250,8.71,8.76,N/A,9,Cápsulas,8.9,Não,IPX7,https://youtu.be/_uqs_Pb8O1A,https://amzn.to/3FUxg4z,https://s.click.aliexpress.com/e/_Dn13qWn,N/A,Sim,Não,Não,Não,Sim,Sim,Sim,Não,Sim,Sim,Não,Não,Não,Não,Não
HONOR Choice Earbuds X3 Lite,Intra Auricular,130,8.71,8.75,N/A,6,Hastes,9,Sim,IPX4,https://youtu.be/zJGz1dBgymI,https://amzn.to/3BByXUE,https://s.click.aliexpress.com/e/_Dmfkda3,N/A,Não,Não,Não,Não,Sim,Sim,Sim,Sim,Sim,Não,Sim,Sim,Não,Não,Não
Zhulinniao Qing Luan Z4,Intra Auricular,250,8.71,8.75,N/A,N/A,Com Fio,N/A,Não,N/A,https://youtu.be/EqkA9130zRU,https://amzn.to/3Q5Kp1Q,https://s.click.aliexpress.com/e/_DFXsYQL,N/A,Não,Não,Não,Não,Não,Não,Não,Não,Não,Não,Não,Não,Não,Não,Não
TOZO T18 Crystal Buds,Intra Auricular,260,8.71,8.76,N/A,9,Cápsulas,8.8,Não,IPX7,https://youtu.be/lvt37FaPqe8,https://amzn.to/3IWosOc,https://s.click.aliexpress.com/e/_DC54sTZ,N/A,Sim,Não,Não,Não,Sim,Sim,Sim,Sim,Sim,Sim,Sim,Não,Não,Não,Não
TOZO A1,Intra Auricular,115,8.71,8.75,N/A,6,Cápsulas,8.9,Não,IPX5,https://youtu.be/jwtjKHkgDh8,https://amzn.to/3C53SsZ,https://s.click.aliexpress.com/e/_DlqX08b,N/A,Não,Não,Não,Não,Sim,Sim,Sim,Sim,Sim,Sim,Não,Não,Não,Não,Não
Realme Buds Air 3S,Intra Auricular,150,8.71,8.75,N/A,7,Hastes,8.9,Sim,IPX5,https://youtu.be/vxK_ML4aonA,https://amzn.to/3UQKtC8,https://s.click.aliexpress.com/e/_Dl4Cp3H,N/A,Não,Não,Não,Não,Sim,Sim,Sim,Sim,Sim,Sim,Sim,Sim,Não,Não,Não
Realme Buds Air 3 Neo,Intra Auricular,150,8.71,8.75,N/A,7,Hastes,8.9,Sim,IPX5,https://youtu.be/Do_l2kawHBc,https://amzn.to/3KAGAxP,https://s.click.aliexpress.com/e/_DCanTPN,N/A,Não,Não,Não,Não,Sim,Sim,Sim,Sim,Sim,Sim,Sim,Não,Não,Não,Não
Soundcore Life P2 Mini,Intra Auricular,130,8.71,8.75,N/A,8,Hastes,8.8,Não,IPX5,https://youtu.be/vo9ML9PgtSk,https://amzn.to/3zoJQGW,https://s.click.aliexpress.com/e/_DBTNJTH,N/A,Não,Não,Não,Não,Sim,Sim,Sim,Sim,Sim,Não,Não,Não,Não,Não,Não
SoundPeats Clear,Intra Auricular,150,8.71,8.75,N/A,7,Hastes,8.7,Sim,IPX4,https://youtu.be/WLtu0trkzL4,https://amzn.to/3SWwP33,https://s.click.aliexpress.com/e/_DCv8Myf,N/A,Não,Não,Não,Não,Sim,Sim,Sim,Sim,Sim,Sim,Não,Não,Não,Não,Não
Haylou W1,Intra Auricular,170,8.71,8.75,N/A,6,Hastes,8.7,Não,IPX4,https://youtu.be/6re47tlCzFU,https://amzn.to/40U7BDh,https://s.click.aliexpress.com/e/_DEzTayT,N/A,Não,Não,Não,Não,Sim,Sim,Sim,Sim,Sim,Não,Não,Não,Não,Não,Não
Tranya T30,Intra Auricular,200,8.71,8.75,N/A,8,Hastes,8.7,Sim,IPX7,https://youtu.be/EERv0c_PzCg,https://amzn.to/3qQIuAz,https://amzn.to/3qQIuAz,N/A,Não,Não,Não,Não,Sim,Sim,Sim,Sim,Sim,Sim,Não,Não,Não,Não,Não
Kiwi Ears Quintet,Intra Auricular,1150,8.71,8.9,N/A,N/A,Com Fio,N/A,Não,N/A,https://youtu.be/eyV76Dgw5_s,https://amzn.to/3qpMc8t,https://s.click.aliexpress.com/e/_DDFmotD,N/A,Não,Não,Não,Não,Não,Não,Não,Não,Não,Não,Não,Não,Não,Não,Não
Tranya T20,Intra Auricular,200,8.71,8.75,N/A,8,Cápsulas,8.7,Sim,IPX7,https://youtu.be/VHxXCIokHQU,https://amzn.to/3mk8fbL,https://amzn.to/3mk8fbL,N/A,Não,Não,Não,Não,Sim,Sim,Sim,Sim,Sim,Sim,Não,Não,Não,Não,Não
SoundPeats Sonic,Intra Auricular,200,8.71,8.75,N/A,15,Cápsulas,8.7,Sim,IPX5,https://youtu.be/w2Y-NwE7-VQ,https://amzn.to/3mA9Dpl,https://s.click.aliexpress.com/e/_DBs3D0X,N/A,Não,Não,Não,Não,Sim,Sim,Sim,Sim,Sim,Sim,Não,Não,Não,Não,Não
SoundPeats Sonic Pro,Intra Auricular,230,8.71,8.75,N/A,15,Cápsulas,8.7,Sim,IPX5,https://youtu.be/66HkR7LGi-c,https://amzn.to/3lnVQCS,https://s.click.aliexpress.com/e/_DetNaSX,N/A,Sim,Não,Não,Não,Sim,Sim,Sim,Sim,Sim,Sim,Não,Não,Não,Não,Não
TOZO T20,Intra Auricular,320,8.71,8.75,N/A,10.5,Hastes,8.7,Não,IPX8,https://youtu.be/T87VQs37OFQ,https://amzn.to/46Kg13k,https://s.click.aliexpress.com/e/_DEBEZmn,N/A,Sim,Não,Não,Não,Sim,Sim,Sim,Sim,Sim,Sim,Sim,Não,Não,Não,Não
7Hz Sonus,Intra Auricular,325,8.71,8.8,N/A,N/A,Com Fio,N/A,Não,N/A,https://youtu.be/tihnUQHejps,https://amzn.to/47cVFzE,https://s.click.aliexpress.com/e/_DDygmb9,N/A,Não,Não,Não,Não,Não,Não,Não,Não,Não,Não,Não,Não,Não,Não,Não
Tranya T50,Intra Auricular,160,8.71,8.75,N/A,6,Hastes,8.5,Sim,IPX5,https://youtu.be/ZwGi8aVhDCo,https://amzn.to/3qZWCf3,https://amzn.to/3qZWCf3,N/A,Não,Não,Não,Não,Sim,Sim,Sim,Sim,Sim,Sim,Não,Não,Não,Não,Não
Stage Magic,Intra Auricular,100,8.71,8.75,N/A,N/A,Com Fio,8.3,Não,N/A,https://youtu.be/TX8FHOCSfDY,https://amzn.to/3LDLDwJ,https://amzn.to/3LDLDwJ,N/A,Não,Não,Não,Não,Sim,Sim,Sim,Sim,Sim,Sim,Não,Não,Não,Não,Não
SoundPeats Free 2 Classic,Intra Auricular,130,8.71,8.75,N/A,8,Cápsulas,8.3,Não,IPX5,https://youtu.be/LxX79P1Alww,https://amzn.to/3OqndJ5,https://s.click.aliexpress.com/e/_DmxX4ZH,N/A,Não,Não,Não,Não,Sim,Sim,Sim,Sim,Sim,Sim,Não,Não,Não,Não,Não
Pamu Quiet,Intra Auricular,600,8.71,8.75,N/A,4.5,Hastes,8.7,Não,IPX4,https://youtu.be/cinh4qGzA4M,https://amzn.to/3oKOonG,https://bit.ly/3pfHdD7,N/A,Sim,Sim,Sim,Sim,Sim,Sim,Sim,Sim,Sim,Sim,Sim,Não,Não,Não,Não
Baseus Bowie E9,Intra Auricular,170,8.71,8.74,N/A,5,Hastes,9,Sim,IPX5,https://youtu.be/Kl3aH_xLOoA,https://amzn.to/3JcNkkJ,https://s.click.aliexpress.com/e/_DmzE4f5,N/A,Sim,Não,Não,Sim,Sim,Sim,Sim,Sim,Sim,Sim,Sim,Não,Não,Não,Não
Acefast Crystal T6,Intra Auricular,225,8.71,8.74,N/A,4,Hastes,8.9,Não,IPX4,https://youtu.be/3IsToh42E0Q,https://amzn.to/3ewtFkw,https://s.click.aliexpress.com/e/_DkZI19t,N/A,Não,Não,Não,Não,Sim,Sim,Sim,Sim,Sim,Sim,Não,Não,Não,Não,Não
Tranya X1,Intra Auricular,200,8.71,8.74,N/A,6,Com Gancho,8.8,Sim,IPX5,https://youtu.be/JfMyhjMqfHw,https://amzn.to/3w8wkX5,https://amzn.to/3w8wkX5,N/A,Sim,Não,Não,Não,Sim,Sim,Sim,Sim,Sim,Sim,Não,Não,Não,Não,Não
Tronsmart Onyx Prime,Intra Auricular,340,8.71,8.74,N/A,7,Hastes,8.8,Sim,IPX4,https://youtu.be/C5Gl_cHu4xQ,https://amzn.to/3rd3ZMf,N/A,N/A,Não,Não,Não,Não,Sim,Sim,Sim,Sim,Sim,Sim,Sim,Não,Não,Não,Não
Haylou GT1 2022,Intra Auricular,100,8.71,8.74,N/A,5,Cápsulas,8.7,Sim,IPX5,https://youtu.be/2IYdG5yOaK8,https://amzn.to/40xK7nC,https://s.click.aliexpress.com/e/_DEkGKen,N/A,Não,Não,Não,Não,Sim,Sim,Sim,Sim,Sim,Não,Não,Não,Não,Não,Não
QCY-T18,Intra Auricular,170,8.71,8.74,N/A,7,Hastes,8.7,Sim,N/A,https://youtu.be/9l5e3thDAfU,https://amzn.to/3FYIwO3,https://s.click.aliexpress.com/e/_Dk5fElV,N/A,Não,Não,Não,Não,Sim,Sim,Sim,Sim,Sim,Não,Sim,Sim,Não,Não,Não
1MORE Omthing AirFree Buds,Intra Auricular,190,8.71,8.74,N/A,7,Cápsulas,8.7,Sim,IPX4,https://youtu.be/htlI897_-l4,https://amzn.to/3XqXIMl,N/A,N/A,Não,Não,Não,Não,Sim,Sim,Sim,Sim,Sim,Sim,Sim,Não,Não,Não,Não
Tranya T6,Intra Auricular,250,8.71,8.74,N/A,9,Cápsulas,8.7,Não,IPX5,https://youtu.be/EzSLvd6I1pI,https://amzn.to/3r9tbYh,https://amzn.to/3r9tbYh,N/A,Não,Não,Não,Não,Sim,Sim,Sim,Sim,Sim,Sim,Sim,Não,Não,Não,Não
Ugreen HiTune X5,Intra Auricular,260,8.71,8.74,N/A,7,Hastes,8.7,Sim,IPX5,https://youtu.be/iZLx-4sMgAY,https://amzn.to/3lkOIY6,N/A,N/A,Não,Não,Não,Não,Sim,Sim,Sim,Sim,Sim,Sim,Não,Não,Não,Não,Não
Stage Cool 5,Intra Auricular,130,8.71,8.74,N/A,6,Hastes,8.6,Sim,IPX5,https://youtu.be/11G_50_laXM,https://amzn.to/45sNvTu,https://amzn.to/45sNvTu,N/A,Não,Não,Não,Não,Sim,Sim,Sim,Sim,Sim,Sim,Não,Não,Não,Não,Não
Blitzwolf BW-FYE15,Intra Auricular,175,8.71,8.74,N/A,4,Hastes,8.6,Não,IPX5,https://youtu.be/-eGks1RreBI,https://amzn.to/3J8wgKK,https://bit.ly/3tcD7Ow,N/A,Não,Não,Não,Não,Sim,Sim,Sim,Sim,Sim,Não,Não,Não,Não,Não,Não
Soundpeats Gamer N.1,Intra Auricular,200,8.71,8.74,N/A,5,Hastes,8.4,Sim,IPX5,https://youtu.be/eQs5r6vi8ek,https://amzn.to/3r1wNYm,N/A,N/A,Não,Não,Não,Não,Sim,Sim,Sim,Sim,Sim,Sim,Não,Não,Não,Não,Não
Nuarl N6 Sports,Intra Auricular,N/A,8.71,8.74,N/A,10,Cápsulas,8.3,Sim,IPX7,https://youtu.be/IoYH1qG4mec,N/A,https://nuarl.com/,8.65,Não,Não,Sim,Não,Sim,Sim,Sim,Sim,Sim,Sim,Sim,Não,Não,Não,Não
Haylou GT7,Intra Auricular,120,8.71,8.73,N/A,5,Hastes,8.7,Sim,IPX5,https://youtu.be/JsKUxtZvMCk,https://amzn.to/3G3BKbi,https://s.click.aliexpress.com/e/_DmDPgzd,N/A,Não,Não,Não,Não,Sim,Sim,Sim,Sim,Sim,Não,Não,Não,Não,Não,Não
EKSA GT1 Cobra,Intra Auricular,195,8.71,8.73,N/A,6,Hastes,8.7,Sim,IPX4,https://youtu.be/jq8e1ID0ckM,https://amzn.to/3ChnNDw,N/A,N/A,Não,Não,Não,Não,Sim,Sim,Não,Não,Sim,Não,Não,Não,Não,Não,Não
Syllable WD1100,Intra Auricular,200,8.71,8.72,N/A,5,Hastes,8.6,Não,IPX5,https://youtu.be/hdcpPczw4EI,https://amzn.to/3HD98nW,https://s.click.aliexpress.com/e/_DEKAUTZ,N/A,Não,Não,Não,Não,Sim,Sim,Sim,Sim,Sim,Não,Não,Não,Não,Não,Não
QCY-T13,Intra Auricular,100,8.71,8.71,N/A,8,Hastes,8.6,Sim,IPX5,https://youtu.be/ALheiqwRLyA,https://amzn.to/3Gux8Iw,https://s.click.aliexpress.com/e/_DBafRET,N/A,Não,Não,Não,Não,Sim,Sim,Sim,Sim,Sim,Não,Sim,Não,Não,Não,Não
Stage Hero 3,Intra Auricular,140,8.71,8.7,N/A,6,Hastes,8.7,Sim,N/A,https://youtu.be/Sf-IJpJOhgA,https://amzn.to/3x4bRTc,https://amzn.to/3x4bRTc,N/A,Não,Não,Não,Não,Sim,Sim,Sim,Sim,Sim,Sim,Não,Não,Não,Não,Não
Stage Hero 5,Intra Auricular,190,8.71,8.7,N/A,5,Hastes,8.7,Sim,N/A,https://youtu.be/uqoe-AsPhbY,https://amzn.to/3DnEFYl,https://amzn.to/39tk1Jz,N/A,Não,Não,Não,Não,Sim,Sim,Sim,Sim,Sim,Não,Não,Não,Não,Não,Não
Syllable S115 Plus,Intra Auricular,200,8.65,8.6,N/A,12,Cápsulas,8.8,Não,IPX6,https://youtu.be/4LZY_-cUptU,https://amzn.to/3FonlEB,https://s.click.aliexpress.com/e/_DeOUnTN,N/A,Não,Não,Não,Não,Sim,Sim,Sim,Sim,Sim,Sim,Não,Não,Não,Não,Não
Wavefun Flex 3,Intra Auricular,110,8.65,8.6,N/A,30,Com Fio,8.75,Não,IPX5,https://youtu.be/HK-WzUN9Ep0,https://amzn.to/3KYfxer,N/A,N/A,Não,Não,Não,Não,Sim,Sim,Sim,Sim,Sim,Sim,Não,Não,Não,Não,Não
Tranya M10,Intra Auricular,260,8.65,8.6,N/A,10,Cápsulas,8.7,Não,IPX5,https://youtu.be/gMT6Vpdbvlk,https://amzn.to/3oLQrYn,https://amzn.to/3tIPIr7,N/A,Sim,Não,Não,Não,Sim,Sim,Sim,Sim,Sim,Sim,Não,Não,Não,Não,Não
Tranya T10,Intra Auricular,364,8.65,8.6,N/A,8,Cápsulas,8.7,Não,IPX7,https://youtu.be/7rUrh1l_KwY,https://amzn.to/3uVXLBK,https://amzn.to/3egGJY5,N/A,Sim,Não,Não,Não,Sim,Sim,Sim,Sim,Sim,Sim,Não,Não,Não,Não,Não
Blitzwolf BW-FYE5S,Intra Auricular,150,8.65,8.6,N/A,3,Hastes,8.5,Não,IPX5,https://youtu.be/rsOvHDlKni8,https://amzn.to/30dzkVv,N/A,N/A,Não,Não,Não,Não,Sim,Sim,Sim,Sim,Sim,Sim,Não,Não,Não,Não,Não
Overbeats Pro,Intra Auricular,290,8.65,8.6,N/A,9,Com Gancho,8,Não,IPX5,https://youtu.be/n1uY9ZHreaE,https://amzn.to/3oKyZDN,N/A,N/A,Não,Não,Não,Não,Sim,Sim,Sim,Sim,Não,Sim,Não,Não,Não,Não,Não
Tranya T3,Intra Auricular,130,8.65,8.55,N/A,8,Cápsulas,8.7,Não,IPX5,https://youtu.be/49-4LC9XE5M,https://amzn.to/2WXD3VO,https://amzn.to/3p0EJJE,N/A,Não,Não,Não,Não,Sim,Sim,Sim,Sim,Sim,Sim,Não,Não,Não,Não,Não
Tranya T3 Pro,Intra Auricular,160,8.65,8.55,N/A,8,Cápsulas,8.7,Não,IPX5,https://youtu.be/49-4LC9XE5M,https://amzn.to/3BoMKeY,https://amzn.to/3v3eeEw,N/A,Não,Não,Não,Não,Sim,Sim,Sim,Sim,Sim,Sim,Não,Não,Não,Não,Não
Tranya T10 Pro,Intra Auricular,200,8.65,8.55,N/A,8,Cápsulas,8.7,Sim,IPX7,https://youtu.be/1pCsAZdUNHA,https://amzn.to/3HAraXv,https://amzn.to/3HAraXv,N/A,Sim,Não,Não,Não,Sim,Sim,Sim,Sim,Sim,Sim,Não,Não,Não,Não,Não
Tranya T10B - 2021,Intra Auricular,200,8.65,8.55,N/A,8,Cápsulas,8.7,Sim,IPX7,https://youtu.be/84Et8qS-pJE,https://amzn.to/2WT06Ru,https://amzn.to/3z7XqgE,N/A,Não,Não,Não,Não,Sim,Sim,Sim,Sim,Sim,Sim,Não,Não,Não,Não,Não
Tranya T40,Intra Auricular,200,8.65,8.55,N/A,8,Com Gancho,8.7,Sim,IPX5,https://youtu.be/QLFpWiVZDxM,https://amzn.to/3mVrubr,https://amzn.to/3mVrubr,N/A,Não,Não,Não,Não,Sim,Sim,Sim,Sim,Sim,Sim,Não,Não,Não,Não,Não
Tranya M10B,Intra Auricular,280,8.65,8.55,N/A,7,Cápsulas,8.7,Não,IPX5,https://youtu.be/B57TvbJxxZo,https://amzn.to/3aj97Xh,https://amzn.to/3hft4SD,N/A,Não,Não,Não,Não,Sim,Sim,Sim,Sim,Sim,Sim,Não,Não,Não,Não,Não
QCY-T17,Intra Auricular,100,8.65,8.55,N/A,7.5,Cápsulas,8.5,Sim,IPX4,https://youtu.be/NuDX4QNjiR0,https://amzn.to/3d7wtAx,https://s.click.aliexpress.com/e/_Dl8vlA3,N/A,Não,Não,Não,Não,Sim,Sim,Sim,Sim,Sim,Não,Não,Não,Não,Não,Não
Realme Buds Q,Intra Auricular,160,8.65,8.55,N/A,4.5,Cápsulas,8.5,Sim,IPX4,https://youtu.be/KorguugXuUQ,https://amzn.to/3qmoozH,https://s.click.aliexpress.com/e/_DCDLiYr,N/A,Não,Não,Não,Não,Sim,Sim,Sim,Sim,Sim,Não,Sim,Não,Não,Não,Não
Awei T35,Intra Auricular,150,8.65,8.55,N/A,5,Hastes,8,Sim,IPX5,https://youtu.be/X8QgSr-sPVw,https://amzn.to/3oO9Nw6,https://s.click.aliexpress.com/e/_Ddbms2B,N/A,Não,Não,Não,Não,Sim,Sim,Sim,Sim,Sim,Sim,Não,Não,Não,Não,Não
Haylou T19,Intra Auricular,170,8.55,8.4,N/A,5,Hastes,8.7,Não,IPX4,https://youtu.be/Ca7oqqcFRS0,https://amzn.to/3092iWp,https://s.click.aliexpress.com/e/_DeUUtST,N/A,Sim,Não,Não,Sim,Sim,Sim,Sim,Sim,Sim,Sim,Sim,Não,Não,Não,Não
Ugreen Hitune T1,Intra Auricular,210,8.55,8.4,N/A,5,Hastes,8.7,Não,IPX5,https://youtu.be/gpFIF9UvUS4,https://amzn.to/3aon6Lr,https://s.click.aliexpress.com/e/_DB2vCzV,N/A,Não,Não,Não,Não,Sim,Sim,Sim,Sim,Sim,Sim,Não,Não,Não,Não,Não
QCC010,Intra Auricular,130,8.55,8.4,N/A,8,Cápsulas,8.5,Não,IPX5,https://youtu.be/qV80ni5MPuw,N/A,N/A,N/A,Sim,Não,Não,Não,Sim,Sim,Sim,Sim,Sim,Não,Não,Não,Não,Não,Não
Haylou GT3,Intra Auricular,135,8.55,8.4,N/A,4,Hastes,8.5,Não,IPX4,https://youtu.be/R8XTi-9Vsww,https://amzn.to/3Fv3vYb,N/A,N/A,Não,Não,Não,Não,Sim,Sim,Sim,Sim,Sim,Não,Não,Não,Não,Não,Não
Padmate S28,Intra Auricular,260,8.7,8.7,N/A,7,Cápsulas,9,Sim,IPX4,https://youtu.be/C_MT7yVgNOs,https://amzn.to/3esNsy0,https://bit.ly/3kWtIXU,N/A,Não,Não,Não,Não,Sim,Sim,Sim,Sim,Sim,Sim,Não,Não,Não,Não,Não
Syllable S101 Plus,Intra Auricular,200,8.7,8.7,N/A,12,Cápsulas,8.8,Não,IPX6,https://youtu.be/rAIhIk2jBF0,https://amzn.to/3BsaEWG,https://s.click.aliexpress.com/e/_DdeNhpZ,N/A,Não,Não,Não,Não,Sim,Sim,Sim,Sim,Sim,Sim,Não,Não,Não,Não,Não
Syllable S101,Intra Auricular,170,8.7,8.7,N/A,10,Cápsulas,8.7,Não,IPX6,https://youtu.be/EStvA-8v0Hs,https://amzn.to/3oL8SwG,https://s.click.aliexpress.com/e/_DczRe3D,N/A,Não,Não,Não,Não,Sim,Sim,Sim,Sim,Sim,Sim,Não,Não,Não,Não,Não
Pamu Slide Mini,Intra Auricular,210,8.7,8.7,N/A,11,Hastes,8.7,Não,IPX6,https://youtu.be/2SGAIK9XM5Y,https://amzn.to/3Dq08zQ,https://bit.ly/3zYWZrS,N/A,Sim,Não,Não,Não,Sim,Sim,Sim,Não,Sim,Sim,Não,Não,Não,Não,Não
SoundPeats H2,Intra Auricular,400,8.7,8.7,N/A,5,Hastes,8.7,Sim,IPX5,https://youtu.be/Qmh5a2wHe_I,https://amzn.to/3nQ4Lhd,https://s.click.aliexpress.com/e/_DCvWlA7,N/A,Não,Não,Não,Não,Sim,Sim,Sim,Sim,Sim,Sim,Não,Não,Não,Não,Não
Pamu Nano,Intra Auricular,300,8.7,8.7,N/A,6,Cápsulas,8.6,Não,IPX6,https://youtu.be/-Gpo8Ioopww,https://amzn.to/2WXCUSg,https://bit.ly/3oZcMAW,N/A,Sim,Não,Não,Não,Sim,Sim,Sim,Não,Sim,Sim,Não,Não,Não,Não,Não
Xiaomi Redmi Buds 3 Lite,Intra Auricular,90,8.7,8.7,N/A,5,Cápsulas,8.5,Sim,IP54,https://youtu.be/ybXiidrQb1A,https://amzn.to/38SU60Q,https://s.click.aliexpress.com/e/_DklFNx9,N/A,Não,Não,Não,Não,Sim,Sim,Sim,Não,Não,Não,Não,Não,Não,Não,Não
Wavefun Xpods 3TS,Intra Auricular,140,8.7,8.7,N/A,6,Cápsulas,8.5,Não,IPX7,https://youtu.be/DV1AARV0h6A,https://amzn.to/3lnD12Q,N/A,N/A,Sim,Não,Não,Não,Sim,Sim,Sim,Sim,Sim,Sim,Não,Não,Não,Não,Não
Edifier Hecate GM4,Intra Auricular,200,8.7,8.7,N/A,4,Hastes,8.5,Sim,IPX5,https://youtu.be/YNfuIFbeWTs,https://amzn.to/3iJr6uw,https://s.click.aliexpress.com/e/_DmAbTYP,N/A,Não,Não,Não,Não,Sim,Sim,Sim,Sim,Sim,Não,Não,Não,Não,Não,Não
Wavefun Xpods 3T,Intra Auricular,140,8.7,8.7,N/A,6,Cápsulas,8,Não,IPX7,https://youtu.be/O48zZj46YVQ,https://amzn.to/3ApC8uP,N/A,N/A,Sim,Não,Não,Não,Sim,Sim,Sim,Sim,Sim,Sim,Não,Não,Não,Não,Não
Awei T19,Intra Auricular,215,8.7,8.7,N/A,5,Cápsulas,8,Sim,IPX5,https://youtu.be/PinG7bl88hY,https://amzn.to/3AjJv7f,N/A,N/A,Não,Não,Não,Não,Sim,Sim,Sim,Sim,Sim,Sim,Não,Não,Não,Não,Não
Nuarl N6 Mini 2 SE,Intra Auricular,N/A,8.7,8.7,N/A,8,Cápsulas,8.3,Sim,IPX7,https://youtu.be/IoYH1qG4mec,N/A,https://nuarl.com/,8.65,Não,Não,Sim,Não,Sim,Sim,Sim,Sim,Sim,Sim,Não,Não,Não,Não,Não
Nuarl N6 Pro Serie 2,Intra Auricular,N/A,8.7,8.7,N/A,10,Cápsulas,8.3,Sim,IPX4,https://youtu.be/IoYH1qG4mec,N/A,https://nuarl.com/,8.65,Não,Não,Sim,Não,Sim,Sim,Sim,Sim,Sim,Sim,Sim,Sim,Não,Não,Não
FIIL T1 Pro,Intra Auricular,340,8.7,8.5,N/A,7,Cápsulas,9,Sim,IPX5,https://youtu.be/_HXAOF05vIw,https://amzn.to/3AoG2nR,https://s.click.aliexpress.com/e/_DC5RFB9,N/A,Sim,Sim,Sim,Sim,Sim,Sim,Sim,Sim,Sim,Sim,Sim,Não,Não,Não,Não
SoundPeats Truengine 3 SE,Intra Auricular,230,8.6,8.5,N/A,6,Cápsulas,8.8,Não,IPX5,https://youtu.be/Ac7CO2_Zo4A,https://amzn.to/3Aqzyoz,https://s.click.aliexpress.com/e/_DkuOHkr,N/A,Não,Não,Não,Não,Sim,Sim,Sim,Sim,Sim,Sim,Não,Não,Não,Não,Não
Tranya B530 Pro,Intra Auricular,34,8.6,8.5,N/A,8.5,Cápsulas,8.7,Não,IPX5,https://youtu.be/TdlR-5BPHbw,https://amzn.to/3FuQTQH,https://amzn.to/3jyyCJp,N/A,Não,Não,Não,Não,Sim,Sim,Sim,Sim,Não,Sim,Não,Não,Não,Não,Não
Syllable S115,Intra Auricular,175,8.6,8.5,N/A,10,Cápsulas,8.7,Não,IPX6,https://youtu.be/M4kJiQl6lns,https://amzn.to/3Fu1345,https://s.click.aliexpress.com/e/_DdLAzRN,N/A,Não,Não,Não,Não,Sim,Sim,Sim,Sim,Sim,Sim,Não,Não,Não,Não,Não
QCY-T10,Intra Auricular,100,8.6,8.5,N/A,3.5,Hastes,8.5,Não,IPX5,https://youtu.be/QTufWEijijY,https://amzn.to/3iJ6Edo,N/A,N/A,Não,Não,Não,Não,Sim,Sim,Sim,Sim,Sim,Sim,Sim,Não,Não,Não,Não
Blitzwolf BW-FYE7,Intra Auricular,180,8.6,8.5,N/A,4.5,Cápsulas,8,Não,IPX4,https://youtu.be/YbYJrFnLOxo,https://amzn.to/3Aq2aOs,https://s.click.aliexpress.com/e/_Dl20iv9,N/A,Não,Não,Não,Não,Sim,Sim,Sim,Sim,Sim,Sim,Não,Não,Não,Não,Não
QCY-T8,Intra Auricular,170,8.5,8.5,N/A,4,Hastes,8,Não,IPX4,https://youtu.be/NBqYPicUHww,https://amzn.to/3BpdJXP,https://s.click.aliexpress.com/e/_DEI0Zjl,N/A,Não,Não,Não,Sim,Sim,Sim,Sim,Sim,Sim,Sim,Sim,Não,Não,Não,Não
QCC010 MAX,Intra Auricular,120,8.5,8.3,N/A,8,Cápsulas,8.7,Não,IPX5,https://youtu.be/eODf7watjU4,N/A,N/A,N/A,Sim,Não,Não,Não,Sim,Sim,Sim,Sim,Sim,Não,Não,Não,Não,Não,Não
Edifier X3,Intra Auricular,125,8.5,8.3,N/A,6,Hastes,8.7,Não,IPX5,https://youtu.be/pHtUzRLEazk,https://amzn.to/3mBoyzF,https://s.click.aliexpress.com/e/_DkEwRDZ,N/A,Não,Não,Não,Não,Sim,Sim,Sim,Sim,Sim,Não,Não,Não,Não,Não,Não
Xiaomi Redmi Airdots 3,Intra Auricular,200,8.5,8.3,N/A,5,Cápsulas,8.5,Não,IPX4,https://youtu.be/5TOMlR3JZqA,https://amzn.to/3oLR8Rt,https://s.click.aliexpress.com/e/_DlEbu7h,N/A,Não,Não,Não,Sim,Sim,Sim,Não,Não,Sim,Não,Não,Não,Não,Não,Não
Ugreen HiTune,Intra Auricular,260,8.5,8.3,N/A,7,Cápsulas,8.5,Não,IPX5,https://youtu.be/dQUQi0gnm4w,https://amzn.to/3akTQ8j,N/A,N/A,Não,Não,Não,Não,Sim,Sim,Sim,Sim,Sim,Não,Não,Não,Não,Não,Não
Syllable S103,Intra Auricular,90,8.5,8.3,N/A,4,Cápsulas,8,Não,IPX6,https://youtu.be/yYvFDZ1eXgg,https://amzn.to/3BrPb06,N/A,N/A,Não,Não,Não,Não,Sim,Sim,Sim,Sim,Sim,Sim,Não,Não,Não,Não,Não
Tronsmart Onyx Free,Intra Auricular,140,8.5,8.3,N/A,6,Cápsulas,8,Não,IPX7,https://youtu.be/dzMEUNyxAu4,https://amzn.to/3oKOY4Q,https://bit.ly/2GsP3pQ,N/A,Não,Não,Não,Não,Sim,Sim,Sim,Sim,Sim,Sim,Não,Não,Não,Não,Não
Blitzwolf BW-FLB2,Intra Auricular,170,8.5,8.3,N/A,4,Hastes,8,Sim,IPX4,https://youtu.be/QOMWViE3goE,https://amzn.to/3uSZHv5,N/A,N/A,Não,Não,Não,Não,Sim,Sim,Sim,Sim,Sim,Sim,Não,Não,Não,Não,Não
Lenovo XT90,Intra Auricular,65,8.5,8.3,N/A,3,Hastes,7.5,Não,IP54,https://youtu.be/uukPYz4Ts-k,https://amzn.to/3iM6j9w,https://s.click.aliexpress.com/e/_DkBI1NZ,N/A,Não,Não,Não,Não,Sim,Sim,Sim,Sim,Sim,Sim,Não,Não,Não,Não,Não
ZMI PurPods Pro,Intra Auricular,340,8.5,8.3,8.3,10,Hastes,8.5,Não,IPX4,https://youtu.be/v6q4AUPpuMM,https://amzn.to/3oKMyD2,N/A,8.3,Sim,Sim,Sim,Sim,Sim,Sim,Sim,Não,Sim,Não,Não,Não,Não,Não,Não
Blitzwolf BW-ANC2,Intra Auricular,205,8.5,8.3,7,30,Com Fio,7.5,Não,IPX5,https://youtu.be/geUr86MgLaA,https://amzn.to/3oeqcYP,N/A,N/A,Não,Sim,Não,Não,Sim,Sim,Sim,Sim,Não,Sim,Não,Não,Não,Não,Não
KZ S1 Hybrid,Intra Auricular,130,8.4,8.2,N/A,3,Cápsulas,8.5,Sim,N/A,https://youtu.be/aRc84fUovfo,https://amzn.to/3BkP2eZ,N/A,N/A,Não,Não,Não,Não,Sim,Sim,Sim,Sim,Sim,Não,Não,Não,Não,Não,Não
Blackview Airbuds 10 Pro,Intra Auricular,200,8.4,8,N/A,5.5,Com Gancho,8.8,Não,IP68,https://youtu.be/eTFa0_yICtM,https://amzn.to/3CPxDgW,https://s.click.aliexpress.com/e/_DnSB259,N/A,Não,Não,Não,Não,Sim,Sim,Sim,Sim,Sim,Sim,Não,Não,Não,Não,Não
Tranya X3,Intra Auricular,260,8.4,8,N/A,8,Com Gancho,8.8,Sim,IPX5,https://youtu.be/M7QSRLCgUsw,https://amzn.to/3R252vf,https://amzn.to/3R252vf,N/A,Não,Não,Não,Não,Sim,Sim,Sim,Sim,Sim,Sim,Não,Não,Não,Não,Não
Blitzwolf BW-FYE8,Intra Auricular,180,8.4,8,N/A,8.5,Hastes,8.7,Não,IPX5,https://youtu.be/Q3wk-n636Ww,https://amzn.to/3DiPPxq,https://s.click.aliexpress.com/e/_DBBcHOx,N/A,Não,Não,Não,Não,Sim,Sim,Sim,Sim,Sim,Sim,Não,Não,Não,Não,Não
Xiaomi Redmi Airdots S,Intra Auricular,50,8.4,8,N/A,4,Cápsulas,8.5,Sim,IPX4,https://youtu.be/vCgeumZSycw,https://amzn.to/3Foof3X,https://s.click.aliexpress.com/e/_DFueYJ1,N/A,Não,Não,Não,Não,Sim,Sim,Não,Não,Sim,Não,Não,Não,Não,Não,Não
Xiaomi Redmi Airdots 2,Intra Auricular,50,8.4,8,N/A,4,Cápsulas,8.5,Não,IPX4,https://youtu.be/sUEYPGV54dQ,https://amzn.to/3alUC4Q,https://s.click.aliexpress.com/e/_DDZad0n,N/A,Não,Não,Não,Não,Sim,Sim,Não,Não,Sim,Não,Não,Não,Não,Não,Não
QCY-T5,Intra Auricular,70,8.4,8,N/A,4,Hastes,8.5,Sim,IPX4,https://youtu.be/EcKxqpxFySI,https://amzn.to/3AoWswu,https://s.click.aliexpress.com/e/_DdP07kP,N/A,Não,Não,Não,Não,Sim,Sim,Sim,Sim,Sim,Não,Não,Não,Não,Não,Não
Xiaomi Redmi Airdots 2S,Intra Auricular,100,8.4,8,N/A,4,Cápsulas,8.5,Sim,N/A,https://youtu.be/Qhe6167V9rY,https://amzn.to/2YyFo9V,N/A,N/A,Não,Não,Não,Sim,Sim,Sim,Não,Não,Sim,Não,Não,Não,Não,Não,Não
QCY-T4,Intra Auricular,125,8.4,8,N/A,4,Cápsulas,8,Sim,IPX4,https://youtu.be/2FIBwC7Y6ZU,https://amzn.to/3DnPlGC,N/A,N/A,Não,Não,Não,Não,Sim,Sim,Sim,Sim,Sim,Sim,Sim,Não,Não,Não,Não
QCY Crossky Link,Intra Auricular,100,8.4,7.7,N/A,10,Com Gancho,8.8,Sim,IPX6,https://youtu.be/s592yr2LfXc,https://amzn.to/3OUHusF,https://s.click.aliexpress.com/e/_DDlYOCf,N/A,Não,Não,Não,Não,Sim,Sim,Sim,Sim,Sim,Sim,Sim,Não,Não,Não,Não
AirPods Pro 2 Shopee,Intra Auricular,85,8,8.7,N/A,3,Hastes,8,Não,N/A,https://youtu.be/kHGdSPOImLA,N/A,https://shope.ee/4KlCfFqnR2,N/A,Sim,Não,Sim,Não,Sim,Sim,Sim,Sim,Sim,Sim,Sim,Não,Não,Não,Não
ANC Air30 Pro,Intra Auricular,180,8,8.55,7.7,3,Hastes,8,Não,N/A,https://youtu.be/3fyGuW3h5n0,N/A,https://shope.ee/2pwFYNrSka,7.7,Sim,Sim,Sim,Sim,Sim,Sim,Sim,Sim,Sim,Não,Sim,Não,Não,Não,Não
ANC Air21 Pro,Intra Auricular,N/A,8,8.55,7.7,3,Hastes,8,Não,N/A,https://youtu.be/jrj0RGS_BWs,N/A,https://shope.ee/2pwFYNrSka,7.7,Sim,Sim,Sim,Sim,Sim,Sim,Sim,Sim,Sim,Não,Sim,Não,Não,Não,Não
ANC Air20 Pro,Intra Auricular,N/A,8,8.55,7.7,3,Hastes,8,Não,N/A,https://youtu.be/xepkzxPCwBU,N/A,https://shope.ee/2pwFYNrSka,7.7,Sim,Sim,Sim,Sim,Sim,Sim,Sim,Sim,Sim,Não,Sim,Não,Não,Não,Não
i500 AirPro TWS,Intra Auricular,N/A,8,8.5,N/A,3,Hastes,8.5,Não,N/A,https://youtu.be/G7EVLIlSdAg,N/A,https://shope.ee/2pwFYNrSka,N/A,Sim,Não,Não,Sim,Sim,Sim,Sim,Sim,Sim,Não,Não,Não,Não,Não,Não
Air4 Pro TWS,Intra Auricular,N/A,8,8.5,N/A,3,Hastes,8,Não,N/A,https://youtu.be/AKiTrY9QSCY,N/A,https://shope.ee/2pwFYNrSka,N/A,Sim,Não,Não,Sim,Sim,Sim,Sim,Sim,Sim,Sim,Sim,Não,Não,Não,Não
i900.000 Pro TWS,Intra Auricular,N/A,8,8.5,N/A,3,Hastes,8,Não,N/A,https://youtu.be/Aj_taKxq2yY,N/A,https://shope.ee/2pwFYNrSka,N/A,Sim,Não,Não,Sim,Sim,Sim,Sim,Sim,Sim,Não,Não,Não,Não,Não,Não
ANC Air13 Plus,Intra Auricular,N/A,8,8.5,7.7,3,Hastes,8.2,Não,N/A,https://youtu.be/9wpl2YUUzrc,N/A,https://shope.ee/2pwFYNrSka,7.7,Sim,Sim,Sim,Sim,Sim,Sim,Sim,Sim,Sim,Não,Sim,Não,Não,Não,Não
ANC Air12 Plus,Intra Auricular,N/A,8,8.5,7.5,3,Hastes,8,Não,N/A,https://youtu.be/XbKTNCunnO4,N/A,https://shope.ee/2pwFYNrSka,7.5,Sim,Sim,Sim,Sim,Sim,Sim,Sim,Sim,Sim,Não,Sim,Não,Não,Não,Não
SkyPods 3 TWS,Intra Auricular,N/A,8,8,N/A,3,Hastes,8,Não,N/A,https://youtu.be/epgdaLfieiI,N/A,https://shope.ee/2pwFYNrSka,N/A,Sim,Não,Sim,Sim,Sim,Sim,Sim,Sim,Sim,Não,Não,Não,Não,Não,Não
Haylou GT1 XR,Intra Auricular,130,7.5,7.5,N/A,3.5,Cápsulas,8.5,Não,IPX5,https://youtu.be/1nTgENONwqg,https://amzn.to/3Dfx7qG,N/A,N/A,Não,Não,Não,Não,Sim,Sim,Sim,Sim,Sim,Não,Não,Não,Não,Não,Não
Bluedio S6,Intra Auricular,135,7.5,7.5,N/A,7,Com Gancho,7.5,Não,N/A,https://youtu.be/XiOnAMTJFGE,https://amzn.to/3GiZtD8,https://s.click.aliexpress.com/e/_Dl3CQnv,N/A,Não,Não,Não,Não,Sim,Sim,Sim,Sim,Sim,Sim,Não,Não,Não,Não,Não
TOZO Tonal Fits T21,Auricular,250,8.71,8.72,N/A,6,Hastes,8.9,Não,IPX8,https://youtu.be/-dxeghI3bM0,https://amzn.to/3QlcIJI,N/A,N/A,Sim,Não,Não,Não,Sim,Sim,Sim,Sim,Sim,Sim,Sim,Não,Não,Não,Não
SoundPeats Air 4,Auricular,250,8.71,8.72,7,7,Hastes,8,Sim,IPX5,https://youtu.be/gb_u3qg5U7U,https://amzn.to/47yjdjc,https://s.click.aliexpress.com/e/_DmCRBux,N/A,Não,Sim,Não,Não,Sim,Sim,Sim,Não,Sim,Sim,Não,Sim,Não,Não,Não
SoundPeats Air 4 Lite,Auricular,250,8.71,8.71,N/A,7,Hastes,8.7,Sim,IPX5,https://youtu.be/LuckLdI76jM,https://amzn.to/3tIYUAQ,https://s.click.aliexpress.com/e/_DmoBFJT,N/A,Não,Não,Não,Não,Sim,Sim,Sim,Sim,Sim,Sim,Não,Sim,Não,Não,Não
QCY-T21 Fairybuds,Auricular,135,8.67,8.66,N/A,6,Hastes,8.9,Sim,N/A,https://youtu.be/QMa4-jr36CQ,https://amzn.to/3Ck4qec,https://s.click.aliexpress.com/e/_DcJF9Vh,N/A,Não,Não,Não,Não,Sim,Sim,Sim,Sim,Sim,Sim,Sim,Não,Não,Não,Não
QCY-T20,Auricular,120,8.67,8.66,N/A,5.5,Hastes,8.7,Sim,IPX4,https://youtu.be/e25rUw3sMNI,https://amzn.to/3cOv2dv,https://s.click.aliexpress.com/e/_DCGrNtZ,N/A,Não,Não,Não,Não,Sim,Sim,Sim,Sim,Sim,Sim,Sim,Não,Não,Não,Não
Tranya F4,Auricular,150,8.67,8.65,N/A,6,Hastes,8.8,Sim,IPX5,https://youtu.be/6e6-sEYTuSM,https://amzn.to/3Wk25qN,https://amzn.to/3Wk25qN,N/A,Não,Não,Não,Não,Sim,Sim,Sim,Sim,Sim,Sim,Não,Não,Não,Não,Não
Tranya F1,Auricular,200,8.67,8.65,N/A,7,Hastes,8.8,Sim,IPX5,https://youtu.be/F23fY-PGBDc,https://amzn.to/3AOcW4G,https://amzn.to/3AOcW4G,N/A,Não,Não,Não,Não,Sim,Sim,Sim,Sim,Sim,Sim,Não,Não,Não,Não,Não
HONOR Choice Earbuds X,Auricular,165,8.67,8.65,N/A,6,Hastes,8.7,Sim,IPX4,https://youtu.be/YTEpoEhTnTI,https://amzn.to/3aETWuN,https://s.click.aliexpress.com/e/_DnOtqqf,N/A,Não,Não,Não,Não,Sim,Sim,Sim,Sim,Sim,Não,Não,Não,Não,Não,Não
SoundPeats True Air2,Auricular,140,8.65,8.61,N/A,5,Hastes,8.7,Sim,IPX4,https://youtu.be/QK5KC9Jetnc,https://amzn.to/3Ap6zRS,https://s.click.aliexpress.com/e/_DkwL84T,N/A,Não,Não,Não,Não,Sim,Sim,Sim,Sim,Sim,Sim,Não,Não,Não,Não,Não
Tronsmart Onyx Ace Pro,Auricular,180,8.65,8.61,N/A,6.5,Hastes,8.7,Sim,IPX5,https://youtu.be/dyiNfHijWrw,https://amzn.to/3sqSaU3,https://s.click.aliexpress.com/e/_DeuNV3l,N/A,Não,Não,Não,Não,Sim,Sim,Sim,Sim,Sim,Sim,Não,Não,Não,Não,Não
Blitzwolf BW-FYE9,Auricular,215,8.64,8.61,N/A,6,Hastes,8.7,Não,IPX4,https://youtu.be/NWIaAMrGOEY,https://amzn.to/2YwCEtE,N/A,N/A,Não,Não,Não,Não,Sim,Sim,Sim,Sim,Sim,Sim,Não,Não,Não,Não,Não
Haylou MoriPods,Auricular,160,8.64,8.61,N/A,6,Hastes,8.7,Não,IPX4,https://youtu.be/aKEATJZa2QE,https://amzn.to/3mzVGIe,https://s.click.aliexpress.com/e/_DkxoOdH,N/A,Não,Não,Não,Não,Sim,Sim,Sim,Sim,Sim,Não,Não,Não,Não,Não,Não
Syllable S8,Auricular,70,8.35,8.3,N/A,5,Hastes,8.5,Não,IPX6,https://youtu.be/aE5GKeaba1E,https://amzn.to/2YyAiL7,https://s.click.aliexpress.com/e/_DdVGYVV,N/A,Não,Não,Não,Não,Sim,Sim,Sim,Sim,Sim,Sim,Não,Não,Não,Não,Não
Mifa X17,Auricular,150,8.35,8.3,N/A,5,Hastes,8.5,Não,IPX5,https://youtu.be/dhnCpQc9WrQ,https://amzn.to/3DnHusn,https://s.click.aliexpress.com/e/_De9xR1v,N/A,Sim,Não,Não,Não,Sim,Sim,Sim,Sim,Sim,Não,Não,Não,Não,Não,Não
Ugreen Hitune T2,Auricular,210,8.35,8.3,N/A,4,Hastes,8.5,Sim,IPX5,https://youtu.be/t-BSyZJrkIA,https://amzn.to/3iK5mi6,https://s.click.aliexpress.com/e/_DBvFTDv,N/A,Sim,Não,Não,Não,Sim,Sim,Sim,Sim,Sim,Não,Não,Não,Não,Não,Não
SoundPeats Air3,Auricular,210,8.7,8.7,N/A,5,Hastes,8.7,Sim,IPX5,https://youtu.be/EtDZauw1hS4,https://amzn.to/3mhFpZo,https://s.click.aliexpress.com/e/_Ddg3XcJ,N/A,Não,Não,Não,Sim,Sim,Sim,Sim,Sim,Sim,Sim,Não,Não,Não,Não,Não
SoundPeats Air3 Deluxe HS,Auricular,230,8.7,8.7,N/A,5,Hastes,8.7,Sim,IPX4,https://youtu.be/sOxg0RR0MdE,https://amzn.to/3TPZ6VP,https://s.click.aliexpress.com/e/_DBE3Lsf,N/A,Não,Não,Não,Sim,Sim,Sim,Sim,Sim,Sim,Sim,Não,Não,Não,Não,Não
Xiaomi Redmi Buds 4 Lite,Auricular,90,8.7,8.69,N/A,5,Hastes,8.7,Sim,IP54,https://youtu.be/WkuCNZ2ZGwA,https://amzn.to/3Yd2ON2,https://s.click.aliexpress.com/e/_DF1rNjp,N/A,Não,Não,Não,Não,Sim,Sim,Sim,Não,Não,Não,Não,Não,Não,Não,Não
HONOR Earbuds X5,Auricular,125,8.6,8.61,N/A,5,Hastes,8.7,Não,N/A,https://youtu.be/5aftyPgSIis,https://amzn.to/46QumdK,https://s.click.aliexpress.com/e/_DmbvTCj,N/A,Não,Não,Não,Sim,Sim,Sim,Sim,Não,Sim,Sim,Sim,Sim,Não,Não,Não
Baseus W05,Auricular,100,8.6,8.6,N/A,4,Hastes,8.7,Não,IP55,https://youtu.be/xQHEvSyCPRw,https://amzn.to/3Dq1bQi,N/A,N/A,Sim,Não,Não,Sim,Sim,Sim,Sim,Sim,Sim,Não,Não,Não,Não,Não,Não
Edifier X2,Auricular,105,8.6,8.6,N/A,7,Hastes,8.7,Sim,IP54,https://youtu.be/AgbIj4FLtCE,https://amzn.to/3ipUDJe,https://s.click.aliexpress.com/e/_DFahRxl,N/A,Não,Não,Não,Não,Sim,Sim,Sim,Não,Sim,Não,Não,Não,Não,Não,Não
HONOR Earbuds X2,Auricular,140,8.6,8.6,N/A,6,Hastes,8.7,Sim,IPX4,https://youtu.be/sL7ufMNQlQs,https://amzn.to/3QFrGId,https://s.click.aliexpress.com/e/_Dc85RDD,N/A,Não,Não,Não,Não,Sim,Sim,Sim,Sim,Sim,Não,Não,Não,Não,Não,Não
Xiaomi Redmi Buds 3,Auricular,140,8.6,8.6,N/A,5,Hastes,8.7,Não,IP54,https://youtu.be/royvcL5qTBg,https://amzn.to/3ws1KsD,https://s.click.aliexpress.com/e/_DdIcU3z,N/A,Não,Não,Não,Sim,Sim,Sim,Sim,Sim,Não,Não,Não,Não,Não,Não,Não
Tronsmart Onyx Ace,Auricular,150,8.6,8.6,N/A,5,Hastes,8.7,Não,IPX5,https://youtu.be/H1LvRTcSfaM,https://amzn.to/3mSBi5l,N/A,N/A,Não,Não,Não,Não,Sim,Sim,Sim,Sim,Sim,Sim,Não,Não,Não,Não,Não
SoundPeats Wings 2,Auricular,170,8.6,8.6,N/A,7,Com Gancho,8.7,Sim,IPX5,https://youtu.be/eLFmKSow6bY,https://amzn.to/3LL5ZX5,https://s.click.aliexpress.com/e/_DFWM5eX,N/A,Não,Não,Não,Não,Sim,Sim,Sim,Sim,Sim,Sim,Não,Não,Não,Não,Não
Huawei Freebuds SE 2,Auricular,175,8.6,8.6,N/A,9,Hastes,8.7,Sim,IP54,https://youtu.be/2GSjvXBBJow,https://amzn.to/3teAPkO,https://s.click.aliexpress.com/e/_DlgUzjZ,N/A,Não,Não,Não,Não,Sim,Sim,Sim,Sim,Sim,Não,Sim,Não,Não,Não,Não
Xiaomi Air2 SE,Auricular,50,8.6,8.6,N/A,5,Hastes,8.5,Não,N/A,https://youtu.be/UxlseXRaGc8,https://amzn.to/3Akl0Xj,https://s.click.aliexpress.com/e/_DBcAEoj,N/A,Não,Não,Não,Sim,Sim,Sim,Não,Não,Não,Não,Não,Não,Não,Não,Não
Syllable J9,Auricular,100,8.5,8.6,N/A,5,Hastes,8,Não,IPX6,https://youtu.be/ekhZSXdUV5I,https://amzn.to/3BdNGFA,https://s.click.aliexpress.com/e/_DlrqNCB,N/A,Não,Não,Não,Não,Sim,Sim,Sim,Sim,Sim,Não,Não,Não,Não,Não,Não
Edifier TWS200,Auricular,N/A,8.5,8.5,N/A,6,Hastes,8.8,Não,IPX4,https://youtu.be/QDA34iPRtng,https://amzn.to/3akM7ad,N/A,N/A,Não,Não,Não,Não,Sim,Sim,Não,Não,Sim,Não,Não,Não,Não,Não,Não
TOZO Open Buds,Auricular,365,8.5,8.5,N/A,12,Com Gancho,8.7,Não,IPX6,https://youtu.be/qmoE6ebBkKI,https://amzn.to/411IDmC,https://s.click.aliexpress.com/e/_DdBq4gJ,N/A,Não,Não,Não,Não,Sim,Sim,Sim,Sim,Sim,Sim,Sim,Não,Não,Não,Não
Baseus W04 Pro,Auricular,180,8.5,8.5,N/A,5,Hastes,8,Não,IP54,https://youtu.be/iarlN2hYbF0,https://amzn.to/3DpmeCM,https://s.click.aliexpress.com/e/_Dm5htlv,N/A,Sim,Não,Não,Não,Sim,Sim,Sim,Sim,Sim,Não,Não,Não,Não,Não,Não
Wavefun V,Auricular,90,8.5,"8,5",N/A,4,Hastes,8.5,Não,IPX5,https://youtu.be/YOX7XAEL2Nk,https://amzn.to/3an0RoZ,N/A,N/A,Não,Não,Não,Não,Sim,Sim,Sim,Sim,Sim,Não,Não,Não,Não,Não,Não
QCY Crossky GTR,Auricular,340,8.4,8,N/A,6,Com Gancho,8.8,Sim,IPX5,https://youtu.be/CNhx4mr0IoM,https://amzn.to/3KfbcGn,https://s.click.aliexpress.com/e/_Dns99lh,N/A,Não,Não,Não,Não,Sim,Sim,Sim,Sim,Sim,Sim,Sim,Não,Não,Não,Não
OneOdio OpenRock S,Auricular,450,8.4,8,N/A,19,Com Gancho,8.8,Não,IPX5,https://youtu.be/zGyATE07YUo,https://amzn.to/45dTz1G,https://s.click.aliexpress.com/e/_DBQX9WJ,N/A,Não,Não,Não,Não,Sim,Sim,Sim,Sim,Sim,Não,Não,Não,Não,Não,Não
i500 BlackPods,Auricular,N/A,8,9,N/A,3,Hastes,8,Não,N/A,https://youtu.be/-c_4EiUZk0U,N/A,https://shope.ee/6KW7jFTERM,N/A,Sim,Não,Não,Sim,Sim,Sim,Sim,Sim,Sim,Não,Não,Não,Não,Não,Não
A900 TWS,Auricular,220,8,8.6,N/A,6,Hastes,8.7,Não,N/A,https://youtu.be/Ai8ojypjb6k,N/A,https://shope.ee/frkzJL9jE,N/A,Sim,Não,Não,Sim,Sim,Sim,Sim,Sim,Sim,Não,Sim,Não,Não,Não,Não
Air60 TWS,Auricular,200,8,8.5,N/A,3.5,Hastes,8.7,Não,N/A,https://youtu.be/6y6uNNahuAM,N/A,https://shope.ee/frkzJL9jE,N/A,Sim,Não,Não,Sim,Sim,Sim,Sim,Sim,Sim,Não,Sim,Não,Não,Não,Não
i99999 TWS,Auricular,75,8,8.5,N/A,3.5,Hastes,8,Não,N/A,https://youtu.be/GpUJ51CWsNs,N/A,https://shope.ee/6KW7jFTERM,N/A,Sim,Não,Não,Sim,Sim,Sim,Sim,Sim,Sim,Sim,Sim,Não,Não,Não,Não
IP12 Pro TWS,Auricular,N/A,8,8.5,N/A,3.5,Hastes,8,Não,N/A,https://youtu.be/DaiWncr3VW4,N/A,https://shope.ee/6KW7jFTERM,N/A,Sim,Não,Não,Sim,Sim,Sim,Sim,Sim,Sim,Sim,Sim,Não,Não,Não,Não
SkyPods Pro TWS,Auricular,N/A,8,8.5,N/A,3.5,Hastes,8,Não,N/A,https://youtu.be/EPkFIY7f5zI,N/A,https://shope.ee/6KW7jFTERM,N/A,Sim,Não,Não,Sim,Sim,Sim,Sim,Sim,Sim,Sim,Sim,Não,Não,Não,Não
AirPods Mini Pro 5S,Auricular,70,8,8.3,N/A,4,Cápsulas,7.5,Não,N/A,https://youtu.be/N9wK_oItbaU,N/A,https://s.click.aliexpress.com/e/_DdhOf6b,N/A,Sim,Não,Não,Não,Sim,Sim,Sim,Sim,Sim,Sim,Sim,Não,Não,Não,Não
QCY-T7,Auricular,90,8,8,N/A,4,Hastes,8,Não,IPX4,https://youtu.be/IYl3YkxnPSs,https://amzn.to/3AtjiD8,https://s.click.aliexpress.com/e/_DePRZ1p,N/A,Não,Não,Não,Sim,Sim,Sim,Sim,Sim,Sim,Sim,Sim,Não,Não,Não,Não
Réplica Perfeita,Auricular,N/A,8,8,N/A,3,Hastes,8,Não,N/A,https://youtu.be/D_Tzrd8nzlc,N/A,https://shope.ee/6KW7jFTERM,N/A,Sim,Não,Não,Sim,Sim,Sim,Sim,Sim,Sim,Sim,Sim,Não,Não,Não,Não
Ambie Sound Earcuffs,Auricular,80,7.3,7.5,N/A,4,Com Gancho,8.8,Não,IPX5,https://youtu.be/rmap6OA4yzA,https://amzn.to/3Fplu3b,https://s.click.aliexpress.com/e/_DFTbCD1,N/A,Não,Não,Não,Não,Sim,Sim,Sim,Sim,Sim,Sim,Não,Não,Não,Não,Não
Naenka Runner Neo,Auricular,540,7.2,7.5,N/A,10,Com Gancho,8.7,Não,IP66,https://youtu.be/Qm3dpZOD-dQ,https://amzn.to/3rVZcmo,http://www.naenka.com/,N/A,Sim,Não,Não,Não,Sim,Sim,Sim,Sim,Sim,Sim,Não,Não,Não,Não,Não
Haylou PurFree,Auricular,550,7.2,7.5,N/A,8,Com Gancho,8.7,Não,IP67,https://youtu.be/Lh3xEGBllJw,https://amzn.to/3NlQqoM,https://s.click.aliexpress.com/e/_DmH5BBH,N/A,Não,Não,Não,Não,Sim,Sim,Sim,Sim,Sim,Sim,Não,Não,Não,Não,Não
Padmate S30,Auricular,300,7.2,7,N/A,8,Com Gancho,7.5,Não,IPX5,https://youtu.be/rmap6OA4yzA,https://amzn.to/362D6Um,https://bit.ly/3p2Gkhg,N/A,Não,Não,Não,Não,Sim,Sim,Sim,Sim,Sim,Não,Não,Não,Não,Não,Não