ranking,modelo,link_review,link_importar,link_amazon,nota_global,som,anc,modo_ambiente,microfone,preço_medio_reais,autonomia_horas,resistencia,tipo,estilo,carrega_sem_fio,possui_anc,possui_modo_ambiente,possui_modo_jogo,possui_deteccao_uso,possui_atender_recusar,possui_play_pause,possui_avancar_musica,possui_retormar_musica,possui_chamar_assistente,possui_controle_volume,possui_configurar_toques,possui_multiponto,possui_deteccao_voz,possui_atendimento_automatico,possui_audio_espacial
1,Realme Buds Air 5 Pro,https://youtu.be/yYdHRzWAQGQ,https://s.click.aliexpress.com/e/_DdtW4lN,https://amzn.to/3JO9D1C,8.77,8.77,9.1,9,9.2,300,11,IPX5,Intra Auricular,Hastes,Não,Sim,Sim,Sim,Sim,Sim,Sim,Sim,Sim,Sim,Sim,Sim,Sim,Não,Sim,Sim
1,Tribit FlyBuds C1 Pro,https://youtu.be/7MOI8NqShEk,https://s.click.aliexpress.com/e/_Dl2Q175,https://amzn.to/3PqDCA6,8.77,8.76,9,8,9,420,8,IPX4,Intra Auricular,Hastes,Não,Sim,Sim,Não,Não,Sim,Sim,Sim,Sim,Sim,Sim,Não,Não,Não,Não,Não
3,Realme Buds Air 5,https://youtu.be/gWzSrnijA5U,https://s.click.aliexpress.com/e/_DEUFr1v,https://amzn.to/46HW0tr,8.77,8.77,9.1,9,9,226,7,IPX5,Intra Auricular,Hastes,Não,Sim,Sim,Sim,Sim,Sim,Sim,Sim,Sim,Sim,Sim,Sim,Não,Não,Sim,Não
4,OnePlus Buds Pro 2,https://youtu.be/d0br7vEIvhg,https://s.click.aliexpress.com/e/_Dk4UAcJ,https://amzn.to/3ZiPs0C,8.77,8.77,9.1,9,9,460,9,IPX4,Intra Auricular,Hastes,Sim,Sim,Sim,Sim,Sim,Sim,Sim,Sim,Sim,Sim,Não,Sim,Sim,Não,Não,Sim
5,QCY T13 ANC2,https://youtu.be/wFHEWbZvmUg,https://mercadolivre.com/sec/2fKtNx6,https://amzn.to/3y0k0Ms,8.77,8.77,9.1,9,8.9,190,8,IPX5,Intra Auricular,Hastes,Não,Sim,Sim,Sim,Não,Sim,Sim,Sim,Sim,Sim,Sim,Sim,Sim,Não,Não,Não
6,Soundcore Liberty 4 NC,https://youtu.be/LCY9uf3abQs,https://s.click.aliexpress.com/e/_DERFcjd,https://amzn.to/3LJ9EF2,8.77,8.77,9.2,9,9,380,10,IPX4,Intra Auricular,Hastes,Sim,Sim,Sim,Não,Sim,Sim,Sim,Sim,Sim,Sim,Sim,Sim,Sim,Não,Não,Sim
7,Soundcore Liberty 4,https://youtu.be/31v16fjl320,https://s.click.aliexpress.com/e/_DFcGqdD,https://amzn.to/3HlN7Ly,8.77,8.77,9.1,9,9,450,9,IPX4,Intra Auricular,Hastes,Sim,Sim,Sim,Não,Sim,Sim,Sim,Sim,Sim,Sim,Sim,Sim,Sim,Não,Não,Sim
8,Nothing Ear (2),https://youtu.be/3GEscJsRLQw,https://s.click.aliexpress.com/e/_Dlf2KUj,https://amzn.to/3JK20Jh,8.77,8.77,9,9,9,760,6,IP54,Intra Auricular,Hastes,Sim,Sim,Sim,Sim,Sim,Sim,Sim,Sim,Sim,Sim,Sim,Sim,Sim,Não,Não,Não
9,CMF Everything Buds,https://youtu.be/6jhcfdMq5Mc,https://s.click.aliexpress.com/e/_DdHKlqL,https://amzn.to/3UAiyYV,8.77,8.77,9,8.9,8.9,220,8,IP54,Intra Auricular,Hastes,Não,Sim,Sim,Sim,Sim,Sim,Sim,Sim,Sim,Sim,Sim,Sim,Sim,Não,Não,Não
10,Tranya Nova,https://youtu.be/LJCrl3X4xEw,https://amzn.to/3pWSNXI,https://amzn.to/3pWSNXI,8.77,8.77,9,8.75,9.1,400,9,IPX4,Intra Auricular,Hastes,Sim,Sim,Sim,Sim,Não,Sim,Sim,Sim,Sim,Sim,Sim,Sim,Sim,Não,Não,Não
11,Soundcore Liberty 3 Pro,https://youtu.be/W3hnzaKJTEI,https://s.click.aliexpress.com/e/_Dd02ZoL,https://amzn.to/3HkTL6e,8.77,8.76,9,9,9,600,8,IPX4,Intra Auricular,Cápsulas,Sim,Sim,Sim,Não,Sim,Sim,Sim,Sim,Sim,Sim,Sim,Sim,Sim,Não,Não,Não
12,Soundcore Liberty Air 2 Pro,https://youtu.be/hYHyHYvoWsc,https://s.click.aliexpress.com/e/_DClK6y3,https://amzn.to/3XHzRHD,8.77,8.76,9,8.9,9,400,7,IPX4,Intra Auricular,Hastes,Sim,Sim,Sim,Não,Sim,Sim,Sim,Sim,Sim,Sim,Sim,Sim,Não,Não,Não,Não
13,1MORE Aero,https://youtu.be/oR3Tx46UQLg,https://s.click.aliexpress.com/e/_DnMqfKJ,https://amzn.to/3HYhk5i,8.77,8.76,9.1,8.9,9,400,7,IPX5,Intra Auricular,Hastes,Sim,Sim,Sim,Não,Sim,Sim,Sim,Sim,Sim,Sim,Sim,Sim,Sim,Não,Não,Sim
14,1MORE Evo,https://youtu.be/XoiJSQcAkuE,https://s.click.aliexpress.com/e/_DchrKSj,https://amzn.to/387hyY6,8.77,8.76,9.1,8.7,9,635,8,IPX4,Intra Auricular,Cápsulas,Sim,Sim,Sim,Não,Sim,Sim,Sim,Sim,Sim,Sim,Sim,Sim,Sim,Não,Não,Não
15,Soundcore Space A40,https://youtu.be/HHZuzVHICYE,https://s.click.aliexpress.com/e/_DF6TMdH,https://amzn.to/3G7kiDA,8.77,8.76,9,8.9,8.9,450,10,IPX4,Intra Auricular,Cápsulas,Sim,Sim,Sim,Sim,Não,Sim,Sim,Sim,Sim,Sim,Sim,Sim,Sim,Não,Não,Não
16,Huawei Freebuds 5i,https://youtu.be/ZXy7dK5Yvwg,https://s.click.aliexpress.com/e/_DeqvLmr,https://amzn.to/42HoTVX,8.77,8.76,9,8.8,9,280,7.5,IP54,Intra Auricular,Hastes,Não,Sim,Sim,Sim,Sim,Sim,Sim,Sim,Sim,Sim,Sim,Sim,Sim,Não,Não,Não
17,Huawei Freebuds Pro 2,https://youtu.be/wTYr4WPZAMI,https://s.click.aliexpress.com/e/_DmANVj1,https://amzn.to/3tj0NQz,8.77,8.76,9,8.75,8.9,660,7,IP54,Intra Auricular,Hastes,Sim,Sim,Sim,Sim,Sim,Sim,Sim,Sim,Sim,Sim,Sim,Sim,Sim,Não,Não,Não
18,TOZO NC9,https://youtu.be/7m-8eD3-ifg,https://s.click.aliexpress.com/e/_DBy6tmF,https://amzn.to/3A4Axxc,8.77,8.76,9,8.75,8.8,240,10,IPX6,Intra Auricular,Cápsulas,Sim,Sim,Sim,Não,Não,Sim,Sim,Sim,Sim,Sim,Sim,Não,Não,Não,Não,Não
19,TOZO Golden X1,https://youtu.be/M5rXk_EyVXo,https://s.click.aliexpress.com/e/_DdJHy1N,https://amzn.to/3IVmxJF,8.77,8.76,8.8,8.9,8.8,870,8,IPX6,Intra Auricular,Cápsulas,Sim,Sim,Sim,Não,Não,Sim,Sim,Sim,Sim,Sim,Sim,Sim,Sim,Não,Não,Não
20,Samsung Galaxy Buds2 Pro,https://youtu.be/qyUlIupMILc,N/A,https://amzn.to/3HeAL94,8.77,8.77,9,9.3,9,800,8,IPX7,Intra Auricular,Cápsulas,Sim,Sim,Sim,Não,Sim,Sim,Sim,Sim,Sim,Sim,Sim,Sim,Sim,Sim,Não,Sim
21,Realme Buds Air 3,https://youtu.be/zvZmBXxwJjE,https://s.click.aliexpress.com/e/_DkvjkKT,https://amzn.to/3usiE8P,8.76,8.75,9.1,8.9,8.9,210,7,IPX5,Intra Auricular,Hastes,Não,Sim,Sim,Sim,Sim,Sim,Sim,Sim,Sim,Sim,Não,Sim,Sim,Não,Sim,Não
22,1More Pistonbuds Pro Q30,https://youtu.be/6zSuqSIeE9k,https://s.click.aliexpress.com/e/_DCjA6mH,https://amzn.to/42IAaFQ,8.76,8.75,9.1,8.75,9.2,250,7.5,IPX5,Intra Auricular,Hastes,Não,Sim,Sim,Sim,Sim,Sim,Sim,Sim,Sim,Sim,Sim,Sim,Não,Não,Não,Não
23,Samsung Galaxy Buds Pro,https://youtu.be/HvWYVKTHBVA,N/A,https://amzn.to/3J7mRnp,8.76,8.75,9,9,9,740,8,IPX7,Intra Auricular,Cápsulas,Sim,Sim,Sim,Não,Não,Sim,Sim,Sim,Sim,Sim,Sim,Sim,Sim,Sim,Não,Não
24,QCY HT07 ArcBuds,https://youtu.be/Kl6q7KTHp-c,https://s.click.aliexpress.com/e/_DD3gSeJ,https://amzn.to/3pbNQt9,8.76,8.75,9,9,8.7,170,8,IPX5,Intra Auricular,Cápsulas,Não,Sim,Sim,Sim,Não,Sim,Sim,Sim,Sim,Sim,Sim,Sim,Não,Não,Não,Não
25,QCY HT05 Melobuds,https://youtu.be/F-q-bzFLmfk,https://s.click.aliexpress.com/e/_DdZ6BzV,https://amzn.to/3rPgUol,8.76,8.75,9,9,8.7,170,7.5,IPX5,Intra Auricular,Hastes,Não,Sim,Sim,Sim,Não,Sim,Sim,Sim,Sim,Sim,Sim,Sim,Não,Não,Não,Não
26,1MORE Pistonbuds Pro,https://youtu.be/I9lR0jPPgNw,https://s.click.aliexpress.com/e/_Dd1fQyL,https://amzn.to/3tLzoI2,8.76,8.75,9.1,8,8.9,260,7.5,IPX5,Intra Auricular,Cápsulas,Não,Sim,Sim,Sim,Sim,Sim,Sim,Sim,Sim,Sim,Sim,Sim,Não,Não,Não,Não
27,Nothing Ear (1),https://youtu.be/TotFFcmTDMQ,https://s.click.aliexpress.com/e/_DkqKpYB,https://amzn.to/3EBmIJB,8.76,8.75,9,9,9,790,5,IPX4,Intra Auricular,Hastes,Não,Sim,Sim,Sim,Sim,Sim,Sim,Sim,Sim,Não,Sim,Sim,Não,Não,Não,Não
28,Huawei Freebuds Pro,https://youtu.be/uxbIAlPk-ss,https://s.click.aliexpress.com/e/_Dm523WX,https://amzn.to/3ujUEW7,8.76,8.75,9,8.75,9,450,7,N/A,Intra Auricular,Hastes,Sim,Sim,Sim,Não,Sim,Sim,Sim,Sim,Sim,Sim,Sim,Sim,Sim,Não,Não,Não
29,Soundpeats Opera,https://youtu.be/kFReXN8erG0,https://s.click.aliexpress.com/e/_DBBHCeJ,https://amzn.to/3kcS2pZ,8.76,8.75,9,8.9,8.7,500,9,IPX4,Intra Auricular,Cápsulas,Não,Sim,Sim,Não,Não,Sim,Sim,Sim,Não,Sim,Sim,Não,Não,Não,Não,Não
30,Soundcore Life P3,https://youtu.be/wYFBZMZYudg,https://s.click.aliexpress.com/e/_DEXiH3d,https://amzn.to/308KcUu,8.76,8.75,9,8.7,8.9,300,7,IPX5,Intra Auricular,Hastes,Sim,Sim,Sim,Sim,Não,Sim,Sim,Sim,Sim,Sim,Sim,Sim,Não,Não,Não,Não
31,Pamu Slide 2,https://youtu.be/OKdE8lMavQE,https://bit.ly/3PBrSYR,https://amzn.to/3z9C7wA,8.76,8.75,9,8.7,8.9,450,6.5,IPX4,Intra Auricular,Hastes,Sim,Sim,Sim,Sim,Sim,Sim,Sim,Sim,Sim,Sim,Sim,Sim,Não,Não,Não,Não
32,TOZO NC2,https://youtu.be/uXNYRkdPVtA,https://s.click.aliexpress.com/e/_Dm6qOXt,https://amzn.to/3m5O2Wh,8.76,8.75,9,8.7,8.8,190,8,IPX6,Intra Auricular,Hastes,Sim,Sim,Sim,Não,Sim,Sim,Sim,Sim,Sim,Sim,Sim,Não,Não,Não,Não,Não
33,Tronsmart Apollo Bold,https://youtu.be/OQlvZq-RmEc,N/A,https://amzn.to/3ApLiaX,8.76,8.75,9,8.5,8.9,376,10,IP45,Intra Auricular,Cápsulas,Não,Sim,Sim,Não,Sim,Sim,Sim,Sim,Sim,Sim,Sim,Sim,Não,Não,Não,Não
34,HONOR Earbuds 2 Lite,https://youtu.be/wmnWXyRw11s,https://s.click.aliexpress.com/e/_Dm3d01l,https://amzn.to/3GDnODk,8.76,8.75,8.9,8.65,8.5,215,10,IPX4,Intra Auricular,Hastes,Não,Sim,Sim,Não,Sim,Sim,Sim,Sim,Sim,Sim,Não,Sim,Não,Não,Não,Não
35,Huawei Freebuds 4i,https://youtu.be/lRws0ZkAli8,https://s.click.aliexpress.com/e/_Ddl7dAT,https://amzn.to/3r3Xtc9,8.76,8.75,8.9,8.65,8.5,350,10,IPX4,Intra Auricular,Hastes,Não,Sim,Sim,Não,Não,Sim,Sim,Sim,Sim,Sim,Não,Sim,Não,Não,Não,Não
36,Soundcore Sport X10,https://youtu.be/3nL7FsMDBS4,https://s.click.aliexpress.com/e/_DE8JaQR,https://amzn.to/3PTMJpA,8.76,8.75,8.9,8.3,8.8,350,8,IPX7,Intra Auricular,Com Gancho,Não,Sim,Sim,Não,Não,Sim,Sim,Sim,Sim,Sim,Sim,Sim,Não,Não,Não,Não
37,Soundpetas Air 4 Pro,https://youtu.be/WHMfrldND6A,https://s.click.aliexpress.com/e/_DeWccD7,https://amzn.to/42tN9Lh,8.76,8.75,8.74,8.9,8.7,315,6,IPX4,Intra Auricular,Hastes,Não,Sim,Sim,Sim,Sim,Sim,Sim,Sim,Não,Sim,Sim,Não,Sim,Não,Não,Não
37,HHOGene Gpods,https://youtu.be/5YjkxHojYKY,https://s.click.aliexpress.com/e/_DBdf0Nl,https://amzn.to/3HJvc27,8.75,8.75,8.75,8.8,8.9,690,5,IPX4,Intra Auricular,Hastes,Não,Sim,Sim,Não,Não,Sim,Sim,Sim,Sim,Sim,Não,Sim,Não,Não,Não,Não
38,SoundPeats T3,https://youtu.be/R0Cm0A6gRQE,https://s.click.aliexpress.com/e/_DCKZcuj,https://amzn.to/3rd61vV,8.73,8.75,8.75,8.5,8.7,240,6,IPX4,Intra Auricular,Hastes,Não,Sim,Sim,Não,Não,Sim,Sim,Sim,Não,Sim,Sim,Não,Não,Não,Não,Não
38,SoundPeats Mini Pro HS,https://youtu.be/-UUqzeG0usQ,https://s.click.aliexpress.com/e/_DCEStr9,https://amzn.to/3XG5bXk,8.73,8.75,8.75,8.5,8.7,250,8,IPX5,Intra Auricular,Cápsulas,Não,Sim,Sim,Sim,Não,Sim,Sim,Sim,Não,Sim,Sim,Não,Não,Não,Não,Não
39,Soundcore Life P3i,https://youtu.be/bF0pmt7o5rY,https://s.click.aliexpress.com/e/_Dn10a0b,https://amzn.to/3J2gtPz,8.73,8.75,8.75,8.5,8.7,300,9,IPX5,Intra Auricular,Hastes,Não,Sim,Sim,Não,Não,Sim,Sim,Sim,Sim,Sim,Sim,Sim,Não,Não,Não,Não
40,SoundPeats Mini Pro,https://youtu.be/y3xa9yPVh80,https://s.click.aliexpress.com/e/_DCsJzBz,https://amzn.to/3Ju5AED,8.73,8.75,8.75,8.3,8.7,200,7,IPX5,Intra Auricular,Cápsulas,Não,Sim,Sim,Sim,Não,Sim,Sim,Sim,Não,Sim,Sim,Não,Não,Não,Não,Não
41,SoundPeats T2,https://youtu.be/4QqGZSEHxPo,https://s.click.aliexpress.com/e/_DkpMUub,https://amzn.to/2YtYJcZ,8.73,8.75,8.75,8.3,8.7,260,10,IPX5,Intra Auricular,Cápsulas,Não,Sim,Sim,Não,Não,Sim,Sim,Sim,Não,Sim,Sim,Não,Não,Não,Não,Não
42,Edifier TWS NB2 Pro,https://youtu.be/U4eFI-Nr3YQ,https://s.click.aliexpress.com/e/_Dn1fwNd,https://amzn.to/3090HQp,8.73,8.75,8.75,8.7,8.7,340,9,IP54,Intra Auricular,Hastes,Não,Sim,Sim,Sim,Sim,Sim,Sim,Sim,Não,Não,Não,Não,Não,Não,Não,Não
43,Pamu Z1,https://youtu.be/d6z5a-H4bIo,https://bit.ly/3SvJqYr,https://amzn.to/3oKxup9,8.73,8.75,8.75,8.5,8.5,345,6.5,IPX4,Intra Auricular,Hastes,Sim,Sim,Sim,Sim,Não,Sim,Sim,Sim,Sim,Sim,Sim,Sim,Não,Não,Não,Não
44,SoundPeats Capsule 3 Pro,https://youtu.be/csQfRxg0pfg,https://s.click.aliexpress.com/e/_Dmw5Vun,https://amzn.to/3HccP64,8.73,8.75,8.7,9,8.4,290,8,IPX4,Intra Auricular,Hastes,Não,Sim,Sim,Sim,Não,Sim,Sim,Sim,Não,Sim,Sim,Não,Não,Não,Não,Não
45,Ugreen HiTune X6,https://youtu.be/Oqrt860Yo9s,https://s.click.aliexpress.com/e/_DBugi2X,https://amzn.to/3FEqEHU,8.73,8.75,8.7,N/A,8.7,160,6,IPX5,Intra Auricular,Hastes,Não,Sim,Não,Sim,Não,Sim,Sim,Sim,Sim,Sim,Sim,Não,Não,Não,Não,Não
46,Ugreen HiTune T3,https://youtu.be/HBDeXnMoHdI,https://s.click.aliexpress.com/e/_DmJMrJd,https://amzn.to/3rTMr8t,8.73,8.75,8.7,8.65,8.7,210,7,N/A,Intra Auricular,Hastes,Não,Sim,Sim,Não,Não,Sim,Sim,Sim,Sim,Sim,Não,Não,Não,Não,Não,Não
47,Pamu Quiet Mini,https://youtu.be/CE1aDluS37Y,https://bit.ly/3BJEucy,https://amzn.to/2WYsrpI,8.73,8.75,8.6,8.75,8.7,395,4.5,IPX4,Intra Auricular,Hastes,Sim,Sim,Sim,Sim,Não,Sim,Sim,Sim,Sim,Sim,Sim,Sim,Não,Não,Não,Não
48,Stage Hero 6,https://youtu.be/HDLfKPUjGuA,https://amzn.to/3Y6oKJm,https://amzn.to/3Y6oKJm,8.73,8.75,8.6,8.5,8.6,200,6,IPX5,Intra Auricular,Hastes,Não,Sim,Sim,Sim,Não,Sim,Sim,Sim,Sim,Sim,Não,Não,Não,Não,Não,Não
49,Moondrop Space Travel,https://youtu.be/UWVF3UaaULs,https://s.click.aliexpress.com/e/_DezvFkV,https://amzn.to/3UGRyJ7,8.73,8.75,8.5,8.75,9,150,4,N/A,Intra Auricular,Hastes,Não,Sim,Sim,Sim,Não,Sim,Sim,Sim,Sim,Sim,Não,Sim,Não,Não,Não,Não
50,OneOdio Super EQ S10,https://youtu.be/NXM_xG2nchc,https://s.click.aliexpress.com/e/_DD2r1HP,https://amzn.to/49HB1bR,8.73,8.75,8.5,8.8,9.1,150,6,IPX5,Intra Auricular,Hastes,Não,Sim,Sim,Sim,Não,Sim,Sim,Sim,Sim,Sim,Não,Não,Não,Não,Não,Não
51,Haylou Moripods ANC,https://youtu.be/JXLdov7lkOA,https://s.click.aliexpress.com/e/_DdNClGn,https://amzn.to/3nD5VQb,8.73,8.75,8.3,8.5,8.7,190,10,N/A,Intra Auricular,Hastes,Não,Sim,Sim,Sim,Não,Sim,Sim,Sim,Sim,Não,Não,Não,Não,Não,Não,Não
52,Realme Buds Air Pro,https://youtu.be/WWeqskuGD38,N/A,https://amzn.to/3iJqCoc,8.73,8.75,8.3,8.3,8.5,360,6,IPX4,Intra Auricular,Hastes,Não,Sim,Sim,Sim,Sim,Sim,Sim,Sim,Sim,Sim,Não,Sim,Não,Não,Não,Não
7,Tronsmart Apollo Air,https://youtu.be/g4QjPrq8JdM,N/A,https://amzn.to/2WTYK98,8.72,8.7,8.3,8.3,8.7,200,5,IP54,Intra Auricular,Hastes,Sim,Sim,Sim,Não,Não,Sim,Sim,Sim,Sim,Sim,Sim,Sim,Não,Não,Não,Não
53,Mifo S,https://youtu.be/VcpJHRt5RZY,https://s.click.aliexpress.com/e/_DChEiE3,https://amzn.to/3P9aJGA,8.72,8.74,9.1,8.8,9,690,6,IPX7,Intra Auricular,Cápsulas,Não,Sim,Sim,Sim,Não,Sim,Sim,Sim,Sim,Sim,Sim,Não,Não,Não,Não,Não
54,1MORE ComfoBuds Mini,https://youtu.be/0Khv0OUNY5M,https://s.click.aliexpress.com/e/_DEuvxSb,https://amzn.to/3wkzfLN,8.72,8.74,9.1,8.3,8.3,430,6,IPX5,Intra Auricular,Cápsulas,Sim,Sim,Sim,Não,Sim,Sim,Sim,Sim,Sim,Sim,Sim,Sim,Não,Não,Não,Não
55,SoundPeats Life,https://youtu.be/Woux4TJ4a7k,https://s.click.aliexpress.com/e/_DEu79YX,https://amzn.to/3CXKRIK,8.72,8.74,9,8.9,8.4,150,5,N/A,Intra Auricular,Hastes,Não,Sim,Sim,Sim,Não,Sim,Sim,Sim,Não,Sim,Sim,Não,Não,Não,Não,Não
56,Moondrop Nekocake,https://youtu.be/bhRWg9EZM0I,https://s.click.aliexpress.com/e/_DkiLhyr,https://amzn.to/41PPobi,8.72,8.74,8.75,N/A,8.9,220,4,N/A,Intra Auricular,Hastes,Não,Sim,Não,Sim,Não,Sim,Sim,Sim,Sim,Sim,Não,Sim,Não,Não,Não,Não
57,QCY T13 ANC,https://youtu.be/rElGXvxll_U,https://s.click.aliexpress.com/e/_DBz8YbZ,https://amzn.to/3yMwRiM,8.72,8.74,8.75,8.75,8.75,120,7,IPX5,Intra Auricular,Hastes,Não,Sim,Sim,Sim,Não,Sim,Sim,Sim,Sim,Sim,Sim,Sim,Não,Não,Não,Não
58,Baseus Storm 1,https://youtu.be/BkwlRx4ZkKs,https://s.click.aliexpress.com/e/_DdBUWVH,https://amzn.to/3T3dYAI,8.72,8.74,8.9,8.7,8.8,400,5,N/A,Intra Auricular,Hastes,Não,Sim,Sim,Sim,Sim,Sim,Sim,Sim,Sim,Sim,Não,Sim,Sim,Não,Não,Não
59,SoundPeats Air 3 Pro,https://youtu.be/1ptH5U4Zbfs,https://s.click.aliexpress.com/e/_DD1O3cX,https://amzn.to/3AIwnMu,8.72,8.74,8.5,8.3,8.7,230,6,N/A,Intra Auricular,Hastes,Não,Sim,Sim,Sim,Não,Sim,Sim,Sim,Não,Sim,Sim,Não,Não,Não,Não,Não
60,Haylou X1 Pro,https://youtu.be/-HRc1N8fIzk,https://s.click.aliexpress.com/e/_Deimq8x,https://amzn.to/3TYEmwy,8.72,8.74,8.3,8.5,8.65,230,6,N/A,Intra Auricular,Hastes,Não,Sim,Sim,Sim,Não,Sim,Sim,Sim,Sim,Sim,Não,Não,Não,Não,Não,Não
61,Nuarl N10 Plus,https://youtu.be/IoYH1qG4mec,https://nuarl.com/,N/A,8.72,8.74,8,8.65,8.9,N/A,7,IPX4,Intra Auricular,Cápsulas,Não,Sim,Sim,Sim,Não,Sim,Sim,Sim,Sim,Sim,Sim,Sim,Sim,Não,Não,Não
62,Xiaomi Redmi Buds 4 Pro,https://youtu.be/HNzKTUNN1dw,https://s.click.aliexpress.com/e/_DEeh6mn,https://amzn.to/3zHy7Ub,8.72,8.73,9.1,8.8,8.9,240,9,IP54,Intra Auricular,Hastes,Não,Sim,Sim,Não,Sim,Sim,Sim,Sim,Sim,Sim,Sim,Sim,Sim,Não,Sim,Não
63,1MORE Comfobuds Pro,https://youtu.be/WBARlBKSiCM,https://s.click.aliexpress.com/e/_DmL2cFv,https://amzn.to/3BGlDuX,8.72,8.73,8.8,8.6,8.5,455,8,IPX4,Intra Auricular,Hastes,Não,Sim,Sim,Não,Sim,Sim,Sim,Sim,Sim,Sim,Sim,Sim,Não,Não,Não,Não
64,Baseus Bowie M2,https://youtu.be/FzFsgqvikK8,https://s.click.aliexpress.com/e/_DDMWWVl,https://amzn.to/3rpBtbb,8.72,8.73,8.75,8.4,8.5,230,5,N/A,Intra Auricular,Hastes,Não,Sim,Sim,Sim,Sim,Sim,Sim,Sim,Sim,Sim,Não,Sim,Não,Não,Não,Não
65,Baseus Bowie M2s,https://youtu.be/3elWZzR2VHQ,https://s.click.aliexpress.com/e/_DdP4Sxh,https://amzn.to/3QCPBd4,8.72,8.7,8.8,8.75,9,160,7,N/A,Intra Auricular,Hastes,Não,Sim,Sim,Sim,Sim,Sim,Sim,Sim,Sim,Sim,Não,Sim,Não,Não,Não,Sim
66,Baseus SIMU S2,https://youtu.be/927JdWcirgA,https://s.click.aliexpress.com/e/_Dn0ebYL,https://amzn.to/3BrD9Eb,8.72,8.7,8.75,8.4,8.7,340,6,IPX4,Intra Auricular,Hastes,Sim,Sim,Sim,Não,Sim,Sim,Sim,Sim,Sim,Sim,Não,Não,Não,Não,Não,Não
67,Baseus SIMU S1,https://youtu.be/f8KazRhDN7o,https://s.click.aliexpress.com/e/_DBQILt1,https://amzn.to/3Dmlgaj,8.72,8.7,8.7,8.3,8.5,210,5,IP54,Intra Auricular,Hastes,Não,Sim,Sim,Não,Não,Sim,Sim,Não,Não,Sim,Não,Não,Não,Não,Não,Não
68,Baseus SIMU S1 Pro,https://youtu.be/f8KazRhDN7o,https://s.click.aliexpress.com/e/_DBQILt1,https://amzn.to/3mCTks4,8.72,8.7,8.7,8.3,8.5,240,5,IP54,Intra Auricular,Hastes,Sim,Sim,Sim,Não,Não,Sim,Sim,Não,Não,Sim,Não,Não,Não,Não,Não,Não
69,Blitzwolf BW-FYE11,https://youtu.be/XljhdiuBX2k,N/A,https://amzn.to/3mFdsd5,8.72,8.7,8.7,8.3,8.5,360,6.5,IPX4,Intra Auricular,Hastes,Não,Sim,Sim,Não,Não,Sim,Sim,Sim,Sim,Sim,Sim,Não,Não,Não,Não,Não
70,Tronsmart Onyx Apex,https://youtu.be/gEBq-G_N0bg,N/A,https://amzn.to/3AoVvUW,8.72,8.65,8.5,8,8.5,250,5,IP45,Intra Auricular,Hastes,Não,Sim,Sim,Não,Não,Sim,Sim,Sim,Sim,Sim,Sim,Não,Não,Não,Não,Não
71,QCY-HT03,https://youtu.be/1cx1_Ls58V8,https://s.click.aliexpress.com/e/_Dd3MkQX,https://amzn.to/3DsRDnT,8.72,8.6,8.8,8,8,140,6,N/A,Intra Auricular,Hastes,Não,Sim,Sim,Sim,Não,Sim,Sim,Sim,Sim,Sim,Sim,Sim,Não,Não,Não,Não
72,QCY-HT01,https://youtu.be/W7DP6SdByhI,N/A,https://amzn.to/3tmTlTt,8.72,8.6,8.5,8.5,8.7,210,6,IPX4,Intra Auricular,Cápsulas,Sim,Sim,Sim,Sim,Sim,Sim,Sim,Sim,Sim,Sim,Sim,Sim,Não,Não,Não,Não
73,Xiaomi Redmi Airdots 3 Pro (Buds 3 Pro),https://youtu.be/JvwCLGAOJSc,https://s.click.aliexpress.com/e/_DFbpiz5,https://amzn.to/3AnbgvG,8.72,8.6,8.3,8.7,8.8,180,6,IPX4,Intra Auricular,Cápsulas,Sim,Sim,Sim,Não,Sim,Sim,Sim,Sim,Não,Não,Não,Não,Sim,Não,Não,Não
74,Haylou T16,https://youtu.be/DQxbZaaQlzM,N/A,https://amzn.to/3BpwRVj,8.72,8.6,8,8.5,8.7,315,6,IPX5,Intra Auricular,Cápsulas,Sim,Sim,Sim,Sim,Sim,Sim,Sim,Sim,Sim,Sim,Sim,Sim,Não,Não,Não,Não
75,Awei TA1 ANC,https://youtu.be/BUkUpoF8Pj8,N/A,https://amzn.to/2YuFwb9,8.72,8.6,8,8.3,8.6,235,4,IPX4,Intra Auricular,Hastes,Não,Sim,Sim,Sim,Não,Sim,Sim,Sim,Sim,Sim,Não,Não,Não,Não,Não,Não
76,Vohz Connect F9-5,N/A,https://mercadolivre.com/sec/25G3Bbe,https://amzn.to/3UuNcTq,8.72,8.6,N/A,N/A,7.3,60,5,N/A,Intra Auricular,Cápsulas,Não,Não,Não,Não,Não,Sim,Sim,Sim,Sim,Sim,Sim,Não,Não,Não,Não,Não
77,THIEAUDIO Hype 2,https://youtu.be/LWk8C_aLSIE,https://s.click.aliexpress.com/e/_DELs7AP,https://amzn.to/45VRzL0,8.71,9,N/A,N/A,N/A,1600,N/A,N/A,Intra Auricular,Com Fio,Não,Não,Não,Não,Não,Não,Não,Não,Não,Não,Não,Não,Não,Não,Não,Não
78,SIMGOT EA500,https://youtu.be/Tho9PiaQmY8,https://s.click.aliexpress.com/e/_DE91tW3,https://amzn.to/3qrS4O0,8.71,8.8,N/A,N/A,N/A,400,N/A,N/A,Intra Auricular,Com Fio,Não,Não,Não,Não,Não,Não,Não,Não,Não,Não,Não,Não,Não,Não,Não,Não
79,KZ ZSN Pro,https://youtu.be/EnEt02d0LMc,https://s.click.aliexpress.com/e/_DDgqwnt,https://amzn.to/3B2JJUn,8.71,8.79,N/A,N/A,9,65,N/A,N/A,Intra Auricular,Com Fio,Não,Não,Não,Não,Não,Sim,Sim,Sim,Sim,Sim,Sim,Não,Não,Não,Não,Não
80,QKZ x HBB Khan,https://youtu.be/vibs-bwsMPw,https://s.click.aliexpress.com/e/_DmW3zwF,https://amzn.to/3E5axnh,8.71,8.79,N/A,N/A,9,200,N/A,N/A,Intra Auricular,Com Fio,Não,Não,Não,Não,Não,Sim,Sim,Sim,Sim,Não,Não,Não,Não,Não,Não,Não
81,KZ ZSN Pro + AZ10,https://youtu.be/EnEt02d0LMc,https://s.click.aliexpress.com/e/_DkdePP5,https://amzn.to/3nZISMc,8.71,8.78,N/A,N/A,8,140,6,N/A,Intra Auricular,Com Gancho,Não,Não,Não,Sim,Não,Sim,Sim,Sim,Sim,Sim,Não,Não,Não,Não,Não,Não
82,ZIIGAAT Cinno,https://youtu.be/9B1A-IJR-e0,https://s.click.aliexpress.com/e/_DefCRBT,https://amzn.to/3U4rSWn,8.71,8.77,N/A,N/A,N/A,515,N/A,N/A,Intra Auricular,Com Fio,Não,Não,Não,Não,Não,Não,Não,Não,Não,Não,Não,Não,Não,Não,Não,Não
83,SoundPeats H1,https://youtu.be/yp22yQ-FRQM,https://s.click.aliexpress.com/e/_Dchuamr,https://amzn.to/3Dltbok,8.71,8.77,N/A,N/A,8.9,300,10,IPX5,Intra Auricular,Cápsulas,Sim,Não,Não,Sim,Não,Sim,Sim,Sim,Sim,Sim,Sim,Não,Não,Não,Não,Não
84,KZ SK10 Pro,https://youtu.be/cYBMKAkKS28,https://s.click.aliexpress.com/e/_DE8HaDd,https://amzn.to/3IP6dKo,8.71,8.77,N/A,N/A,8.7,270,6,N/A,Intra Auricular,Cápsulas,Não,Não,Não,Sim,Não,Sim,Sim,Sim,Sim,Sim,Não,Não,Não,Não,Não,Não
84,KZ Z3,https://youtu.be/4LX6kOwJbyw,https://s.click.aliexpress.com/e/_DDjGF8f,https://amzn.to/3vqe5w7,8.71,8.77,N/A,N/A,8.7,N/A,6,N/A,Intra Auricular,Cápsulas,Não,Não,Não,Sim,Não,Sim,Sim,Sim,Sim,Sim,Não,Não,Não,Não,Não,Não
85,Soundcore A20i,https://youtu.be/ih4Xm0BFM08,https://s.click.aliexpress.com/e/_DdtPVyR,https://amzn.to/3Xloeao,8.71,8.76,N/A,N/A,8.9,150,9,IPX5,Intra Auricular,Cápsulas,Não,Não,Não,Sim,Não,Sim,Sim,Sim,Sim,Sim,Sim,Sim,Não,Não,Não,Não
86,Soundcore P20i,https://youtu.be/XJi-sguxRO8,https://s.click.aliexpress.com/e/_DBOxwYj,https://amzn.to/469iSD3,8.71,8.76,N/A,N/A,8.9,150,10,IPX5,Intra Auricular,Hastes,Não,Não,Não,Sim,Não,Sim,Sim,Sim,Sim,Sim,Sim,Sim,Não,Não,Não,Não
87,QCY T13X,https://youtu.be/FN-xIUrxqJA,https://mercadolivre.com/sec/2VQntyB,https://amzn.to/3UtCldZ,8.71,8.76,N/A,N/A,8.9,220,8,IPX5,Intra Auricular,Hastes,Não,Não,Não,Sim,Não,Sim,Sim,Sim,Sim,Sim,Sim,Sim,Não,Não,Não,Não
88,Soundcore Life A1,https://youtu.be/_uqs_Pb8O1A,https://s.click.aliexpress.com/e/_Dn13qWn,https://amzn.to/3FUxg4z,8.71,8.76,N/A,N/A,8.9,250,9,IPX7,Intra Auricular,Cápsulas,Sim,Não,Não,Não,Não,Sim,Sim,Sim,Não,Sim,Sim,Não,Não,Não,Não,Não
88,HONOR Choice Earbuds X3 Lite,https://youtu.be/zJGz1dBgymI,https://s.click.aliexpress.com/e/_Dmfkda3,https://amzn.to/3BByXUE,8.71,8.75,N/A,N/A,9,130,6,IPX4,Intra Auricular,Hastes,Não,Não,Não,Sim,Não,Sim,Sim,Sim,Sim,Sim,Não,Sim,Sim,Não,Não,Não
89,Zhulinniao Qing Luan Z4,https://youtu.be/EqkA9130zRU,https://s.click.aliexpress.com/e/_DFXsYQL,https://amzn.to/3Q5Kp1Q,8.71,8.75,N/A,N/A,N/A,250,N/A,N/A,Intra Auricular,Com Fio,Não,Não,Não,Não,Não,Não,Não,Não,Não,Não,Não,Não,Não,Não,Não,Não
90,TOZO T18 Crystal Buds,https://youtu.be/lvt37FaPqe8,https://s.click.aliexpress.com/e/_DC54sTZ,https://amzn.to/3IWosOc,8.71,8.76,N/A,N/A,8.8,260,9,IPX7,Intra Auricular,Cápsulas,Sim,Não,Não,Não,Não,Sim,Sim,Sim,Sim,Sim,Sim,Sim,Não,Não,Não,Não
91,TOZO A1,https://youtu.be/jwtjKHkgDh8,https://s.click.aliexpress.com/e/_DlqX08b,https://amzn.to/3C53SsZ,8.71,8.75,N/A,N/A,8.9,115,6,IPX5,Intra Auricular,Cápsulas,Não,Não,Não,Não,Não,Sim,Sim,Sim,Sim,Sim,Sim,Não,Não,Não,Não,Não
92,Realme Buds Air 3S,https://youtu.be/vxK_ML4aonA,https://s.click.aliexpress.com/e/_Dl4Cp3H,https://amzn.to/3UQKtC8,8.71,8.75,N/A,N/A,8.9,150,7,IPX5,Intra Auricular,Hastes,Não,Não,Não,Sim,Não,Sim,Sim,Sim,Sim,Sim,Sim,Sim,Sim,Não,Não,Não
93,Realme Buds Air 3 Neo,https://youtu.be/Do_l2kawHBc,https://s.click.aliexpress.com/e/_DCanTPN,https://amzn.to/3KAGAxP,8.71,8.75,N/A,N/A,8.9,150,7,IPX5,Intra Auricular,Hastes,Não,Não,Não,Sim,Não,Sim,Sim,Sim,Sim,Sim,Sim,Sim,Não,Não,Não,Não
94,Soundcore Life P2 Mini,https://youtu.be/vo9ML9PgtSk,https://s.click.aliexpress.com/e/_DBTNJTH,https://amzn.to/3zoJQGW,8.71,8.75,N/A,N/A,8.8,130,8,IPX5,Intra Auricular,Hastes,Não,Não,Não,Não,Não,Sim,Sim,Sim,Sim,Sim,Não,Não,Não,Não,Não,Não
95,SoundPeats Clear,https://youtu.be/WLtu0trkzL4,https://s.click.aliexpress.com/e/_DCv8Myf,https://amzn.to/3SWwP33,8.71,8.75,N/A,N/A,8.7,150,7,IPX4,Intra Auricular,Hastes,Não,Não,Não,Sim,Não,Sim,Sim,Sim,Sim,Sim,Sim,Não,Não,Não,Não,Não
96,Haylou W1,https://youtu.be/6re47tlCzFU,https://s.click.aliexpress.com/e/_DEzTayT,https://amzn.to/40U7BDh,8.71,8.75,N/A,N/A,8.7,170,6,IPX4,Intra Auricular,Hastes,Não,Não,Não,Não,Não,Sim,Sim,Sim,Sim,Sim,Não,Não,Não,Não,Não,Não
96,Tranya T30,https://youtu.be/EERv0c_PzCg,https://amzn.to/3qQIuAz,https://amzn.to/3qQIuAz,8.71,8.75,N/A,N/A,8.7,200,8,IPX7,Intra Auricular,Hastes,Não,Não,Não,Sim,Não,Sim,Sim,Sim,Sim,Sim,Sim,Não,Não,Não,Não,Não
97,Kiwi Ears Quintet,https://youtu.be/eyV76Dgw5_s,https://s.click.aliexpress.com/e/_DDFmotD,https://amzn.to/3qpMc8t,8.71,8.9,N/A,N/A,N/A,1150,N/A,N/A,Intra Auricular,Com Fio,Não,Não,Não,Não,Não,Não,Não,Não,Não,Não,Não,Não,Não,Não,Não,Não
98,Tranya T20,https://youtu.be/VHxXCIokHQU,https://amzn.to/3mk8fbL,https://amzn.to/3mk8fbL,8.71,8.75,N/A,N/A,8.7,200,8,IPX7,Intra Auricular,Cápsulas,Não,Não,Não,Sim,Não,Sim,Sim,Sim,Sim,Sim,Sim,Não,Não,Não,Não,Não
99,SoundPeats Sonic,https://youtu.be/w2Y-NwE7-VQ,https://s.click.aliexpress.com/e/_DBs3D0X,https://amzn.to/3mA9Dpl,8.71,8.75,N/A,N/A,8.7,200,15,IPX5,Intra Auricular,Cápsulas,Não,Não,Não,Sim,Não,Sim,Sim,Sim,Sim,Sim,Sim,Não,Não,Não,Não,Não
100,SoundPeats Sonic Pro,https://youtu.be/66HkR7LGi-c,https://s.click.aliexpress.com/e/_DetNaSX,https://amzn.to/3lnVQCS,8.71,8.75,N/A,N/A,8.7,230,15,IPX5,Intra Auricular,Cápsulas,Sim,Não,Não,Sim,Não,Sim,Sim,Sim,Sim,Sim,Sim,Não,Não,Não,Não,Não
100,TOZO T20,https://youtu.be/T87VQs37OFQ,https://s.click.aliexpress.com/e/_DEBEZmn,https://amzn.to/46Kg13k,8.71,8.75,N/A,N/A,8.7,320,10.5,IPX8,Intra Auricular,Hastes,Sim,Não,Não,Não,Não,Sim,Sim,Sim,Sim,Sim,Sim,Sim,Não,Não,Não,Não
101,7Hz Sonus,https://youtu.be/tihnUQHejps,https://s.click.aliexpress.com/e/_DDygmb9,https://amzn.to/47cVFzE,8.71,8.8,N/A,N/A,N/A,325,N/A,N/A,Intra Auricular,Com Fio,Não,Não,Não,Não,Não,Não,Não,Não,Não,Não,Não,Não,Não,Não,Não,Não
102,Tranya T50,https://youtu.be/ZwGi8aVhDCo,https://amzn.to/3qZWCf3,https://amzn.to/3qZWCf3,8.71,8.75,N/A,N/A,8.5,160,6,IPX5,Intra Auricular,Hastes,Não,Não,Não,Sim,Não,Sim,Sim,Sim,Sim,Sim,Sim,Não,Não,Não,Não,Não
102,Stage Magic,https://youtu.be/TX8FHOCSfDY,https://amzn.to/3LDLDwJ,https://amzn.to/3LDLDwJ,8.71,8.75,N/A,N/A,8.3,100,N/A,N/A,Intra Auricular,Com Fio,Não,Não,Não,Não,Não,Sim,Sim,Sim,Sim,Sim,Sim,Não,Não,Não,Não,Não
103,SoundPeats Free 2 Classic,https://youtu.be/LxX79P1Alww,https://s.click.aliexpress.com/e/_DmxX4ZH,https://amzn.to/3OqndJ5,8.71,8.75,N/A,N/A,8.3,130,8,IPX5,Intra Auricular,Cápsulas,Não,Não,Não,Não,Não,Sim,Sim,Sim,Sim,Sim,Sim,Não,Não,Não,Não,Não
104,Pamu Quiet,https://youtu.be/cinh4qGzA4M,https://bit.ly/3pfHdD7,https://amzn.to/3oKOonG,8.71,8.75,N/A,N/A,8.7,600,4.5,IPX4,Intra Auricular,Hastes,Sim,Sim,Sim,Não,Sim,Sim,Sim,Sim,Sim,Sim,Sim,Sim,Não,Não,Não,Não
105,Baseus Bowie E9,https://youtu.be/Kl3aH_xLOoA,https://s.click.aliexpress.com/e/_DmzE4f5,https://amzn.to/3JcNkkJ,8.71,8.74,N/A,N/A,9,170,5,IPX5,Intra Auricular,Hastes,Sim,Não,Não,Sim,Sim,Sim,Sim,Sim,Sim,Sim,Sim,Sim,Não,Não,Não,Não
105,Acefast Crystal T6,https://youtu.be/3IsToh42E0Q,https://s.click.aliexpress.com/e/_DkZI19t,https://amzn.to/3ewtFkw,8.71,8.74,N/A,N/A,8.9,225,4,IPX4,Intra Auricular,Hastes,Não,Não,Não,Não,Não,Sim,Sim,Sim,Sim,Sim,Sim,Não,Não,Não,Não,Não
106,Tranya X1,https://youtu.be/JfMyhjMqfHw,https://amzn.to/3w8wkX5,https://amzn.to/3w8wkX5,8.71,8.74,N/A,N/A,8.8,200,6,IPX5,Intra Auricular,Com Gancho,Sim,Não,Não,Sim,Não,Sim,Sim,Sim,Sim,Sim,Sim,Não,Não,Não,Não,Não
107,Tronsmart Onyx Prime,https://youtu.be/C5Gl_cHu4xQ,N/A,https://amzn.to/3rd3ZMf,8.71,8.74,N/A,N/A,8.8,340,7,IPX4,Intra Auricular,Hastes,Não,Não,Não,Sim,Não,Sim,Sim,Sim,Sim,Sim,Sim,Sim,Não,Não,Não,Não
108,Haylou GT1 2022,https://youtu.be/2IYdG5yOaK8,https://s.click.aliexpress.com/e/_DEkGKen,https://amzn.to/40xK7nC,8.71,8.74,N/A,N/A,8.7,100,5,IPX5,Intra Auricular,Cápsulas,Não,Não,Não,Sim,Não,Sim,Sim,Sim,Sim,Sim,Não,Não,Não,Não,Não,Não
109,QCY-T18,https://youtu.be/9l5e3thDAfU,https://s.click.aliexpress.com/e/_Dk5fElV,https://amzn.to/3FYIwO3,8.71,8.74,N/A,N/A,8.7,170,7,N/A,Intra Auricular,Hastes,Não,Não,Não,Sim,Não,Sim,Sim,Sim,Sim,Sim,Não,Sim,Sim,Não,Não,Não
110,1MORE Omthing AirFree Buds,https://youtu.be/htlI897_-l4,N/A,https://amzn.to/3XqXIMl,8.71,8.74,N/A,N/A,8.7,190,7,IPX4,Intra Auricular,Cápsulas,Não,Não,Não,Sim,Não,Sim,Sim,Sim,Sim,Sim,Sim,Sim,Não,Não,Não,Não
111,Tranya T6,https://youtu.be/EzSLvd6I1pI,https://amzn.to/3r9tbYh,https://amzn.to/3r9tbYh,8.71,8.74,N/A,N/A,8.7,250,9,IPX5,Intra Auricular,Cápsulas,Não,Não,Não,Não,Não,Sim,Sim,Sim,Sim,Sim,Sim,Sim,Não,Não,Não,Não
112,Ugreen HiTune X5,https://youtu.be/iZLx-4sMgAY,N/A,https://amzn.to/3lkOIY6,8.71,8.74,N/A,N/A,8.7,260,7,IPX5,Intra Auricular,Hastes,Não,Não,Não,Sim,Não,Sim,Sim,Sim,Sim,Sim,Sim,Não,Não,Não,Não,Não
113,Stage Cool 5,https://youtu.be/11G_50_laXM,https://amzn.to/45sNvTu,https://amzn.to/45sNvTu,8.71,8.74,N/A,N/A,8.6,130,6,IPX5,Intra Auricular,Hastes,Não,Não,Não,Sim,Não,Sim,Sim,Sim,Sim,Sim,Sim,Não,Não,Não,Não,Não
114,Blitzwolf BW-FYE15,https://youtu.be/-eGks1RreBI,https://bit.ly/3tcD7Ow,https://amzn.to/3J8wgKK,8.71,8.74,N/A,N/A,8.6,175,4,IPX5,Intra Auricular,Hastes,Não,Não,Não,Não,Não,Sim,Sim,Sim,Sim,Sim,Não,Não,Não,Não,Não,Não
115,Soundpeats Gamer N.1,https://youtu.be/eQs5r6vi8ek,N/A,https://amzn.to/3r1wNYm,8.71,8.74,N/A,N/A,8.4,200,5,IPX5,Intra Auricular,Hastes,Não,Não,Não,Sim,Não,Sim,Sim,Sim,Sim,Sim,Sim,Não,Não,Não,Não,Não
116,Nuarl N6 Sports,https://youtu.be/IoYH1qG4mec,https://nuarl.com/,N/A,8.71,8.74,N/A,8.65,8.3,N/A,10,IPX7,Intra Auricular,Cápsulas,Não,Não,Sim,Sim,Não,Sim,Sim,Sim,Sim,Sim,Sim,Sim,Não,Não,Não,Não
117,Haylou GT7,https://youtu.be/JsKUxtZvMCk,https://s.click.aliexpress.com/e/_DmDPgzd,https://amzn.to/3G3BKbi,8.71,8.73,N/A,N/A,8.7,120,5,IPX5,Intra Auricular,Hastes,Não,Não,Não,Sim,Não,Sim,Sim,Sim,Sim,Sim,Não,Não,Não,Não,Não,Não
118,EKSA GT1 Cobra,https://youtu.be/jq8e1ID0ckM,N/A,https://amzn.to/3ChnNDw,8.71,8.73,N/A,N/A,8.7,195,6,IPX4,Intra Auricular,Hastes,Não,Não,Não,Sim,Não,Sim,Sim,Não,Não,Sim,Não,Não,Não,Não,Não,Não
119,Syllable WD1100,https://youtu.be/hdcpPczw4EI,https://s.click.aliexpress.com/e/_DEKAUTZ,https://amzn.to/3HD98nW,8.71,8.72,N/A,N/A,8.6,200,5,IPX5,Intra Auricular,Hastes,Não,Não,Não,Não,Não,Sim,Sim,Sim,Sim,Sim,Não,Não,Não,Não,Não,Não
120,QCY-T13,https://youtu.be/ALheiqwRLyA,https://s.click.aliexpress.com/e/_DBafRET,https://amzn.to/3Gux8Iw,8.71,8.71,N/A,N/A,8.6,100,8,IPX5,Intra Auricular,Hastes,Não,Não,Não,Sim,Não,Sim,Sim,Sim,Sim,Sim,Não,Sim,Não,Não,Não,Não
121,Stage Hero 3,https://youtu.be/Sf-IJpJOhgA,https://amzn.to/3x4bRTc,https://amzn.to/3x4bRTc,8.71,8.7,N/A,N/A,8.7,140,6,N/A,Intra Auricular,Hastes,Não,Não,Não,Sim,Não,Sim,Sim,Sim,Sim,Sim,Sim,Não,Não,Não,Não,Não
122,Stage Hero 5,https://youtu.be/uqoe-AsPhbY,https://amzn.to/39tk1Jz,https://amzn.to/3DnEFYl,8.71,8.7,N/A,N/A,8.7,190,5,N/A,Intra Auricular,Hastes,Não,Não,Não,Sim,Não,Sim,Sim,Sim,Sim,Sim,Não,Não,Não,Não,Não,Não
137,Syllable S115 Plus,https://youtu.be/4LZY_-cUptU,https://s.click.aliexpress.com/e/_DeOUnTN,https://amzn.to/3FonlEB,8.65,8.6,N/A,N/A,8.8,200,12,IPX6,Intra Auricular,Cápsulas,Não,Não,Não,Não,Não,Sim,Sim,Sim,Sim,Sim,Sim,Não,Não,Não,Não,Não
138,Wavefun Flex 3,https://youtu.be/HK-WzUN9Ep0,N/A,https://amzn.to/3KYfxer,8.65,8.6,N/A,N/A,8.75,110,30,IPX5,Intra Auricular,Com Fio,Não,Não,Não,Não,Não,Sim,Sim,Sim,Sim,Sim,Sim,Não,Não,Não,Não,Não
139,Tranya M10,https://youtu.be/gMT6Vpdbvlk,https://amzn.to/3tIPIr7,https://amzn.to/3oLQrYn,8.65,8.6,N/A,N/A,8.7,260,10,IPX5,Intra Auricular,Cápsulas,Sim,Não,Não,Não,Não,Sim,Sim,Sim,Sim,Sim,Sim,Não,Não,Não,Não,Não
140,Tranya T10,https://youtu.be/7rUrh1l_KwY,https://amzn.to/3egGJY5,https://amzn.to/3uVXLBK,8.65,8.6,N/A,N/A,8.7,364,8,IPX7,Intra Auricular,Cápsulas,Sim,Não,Não,Não,Não,Sim,Sim,Sim,Sim,Sim,Sim,Não,Não,Não,Não,Não
141,Blitzwolf BW-FYE5S,https://youtu.be/rsOvHDlKni8,N/A,https://amzn.to/30dzkVv,8.65,8.6,N/A,N/A,8.5,150,3,IPX5,Intra Auricular,Hastes,Não,Não,Não,Não,Não,Sim,Sim,Sim,Sim,Sim,Sim,Não,Não,Não,Não,Não
142,Overbeats Pro,https://youtu.be/n1uY9ZHreaE,N/A,https://amzn.to/3oKyZDN,8.65,8.6,N/A,N/A,8,290,9,IPX5,Intra Auricular,Com Gancho,Não,Não,Não,Não,Não,Sim,Sim,Sim,Sim,Não,Sim,Não,Não,Não,Não,Não
143,Tranya T3,https://youtu.be/49-4LC9XE5M,https://amzn.to/3p0EJJE,https://amzn.to/2WXD3VO,8.65,8.55,N/A,N/A,8.7,130,8,IPX5,Intra Auricular,Cápsulas,Não,Não,Não,Não,Não,Sim,Sim,Sim,Sim,Sim,Sim,Não,Não,Não,Não,Não
144,Tranya T3 Pro,https://youtu.be/49-4LC9XE5M,https://amzn.to/3v3eeEw,https://amzn.to/3BoMKeY,8.65,8.55,N/A,N/A,8.7,160,8,IPX5,Intra Auricular,Cápsulas,Não,Não,Não,Não,Não,Sim,Sim,Sim,Sim,Sim,Sim,Não,Não,Não,Não,Não
145,Tranya T10 Pro,https://youtu.be/1pCsAZdUNHA,https://amzn.to/3HAraXv,https://amzn.to/3HAraXv,8.65,8.55,N/A,N/A,8.7,200,8,IPX7,Intra Auricular,Cápsulas,Sim,Não,Não,Sim,Não,Sim,Sim,Sim,Sim,Sim,Sim,Não,Não,Não,Não,Não
146,Tranya T10B - 2021,https://youtu.be/84Et8qS-pJE,https://amzn.to/3z7XqgE,https://amzn.to/2WT06Ru,8.65,8.55,N/A,N/A,8.7,200,8,IPX7,Intra Auricular,Cápsulas,Não,Não,Não,Sim,Não,Sim,Sim,Sim,Sim,Sim,Sim,Não,Não,Não,Não,Não
147,Tranya T40,https://youtu.be/QLFpWiVZDxM,https://amzn.to/3mVrubr,https://amzn.to/3mVrubr,8.65,8.55,N/A,N/A,8.7,200,8,IPX5,Intra Auricular,Com Gancho,Não,Não,Não,Sim,Não,Sim,Sim,Sim,Sim,Sim,Sim,Não,Não,Não,Não,Não
148,Tranya M10B,https://youtu.be/B57TvbJxxZo,https://amzn.to/3hft4SD,https://amzn.to/3aj97Xh,8.65,8.55,N/A,N/A,8.7,280,7,IPX5,Intra Auricular,Cápsulas,Não,Não,Não,Não,Não,Sim,Sim,Sim,Sim,Sim,Sim,Não,Não,Não,Não,Não
149,QCY-T17,https://youtu.be/NuDX4QNjiR0,https://s.click.aliexpress.com/e/_Dl8vlA3,https://amzn.to/3d7wtAx,8.65,8.55,N/A,N/A,8.5,100,7.5,IPX4,Intra Auricular,Cápsulas,Não,Não,Não,Sim,Não,Sim,Sim,Sim,Sim,Sim,Não,Não,Não,Não,Não,Não
150,Realme Buds Q,https://youtu.be/KorguugXuUQ,https://s.click.aliexpress.com/e/_DCDLiYr,https://amzn.to/3qmoozH,8.65,8.55,N/A,N/A,8.5,160,4.5,IPX4,Intra Auricular,Cápsulas,Não,Não,Não,Sim,Não,Sim,Sim,Sim,Sim,Sim,Não,Sim,Não,Não,Não,Não
151,Awei T35,https://youtu.be/X8QgSr-sPVw,https://s.click.aliexpress.com/e/_Ddbms2B,https://amzn.to/3oO9Nw6,8.65,8.55,N/A,N/A,8,150,5,IPX5,Intra Auricular,Hastes,Não,Não,Não,Sim,Não,Sim,Sim,Sim,Sim,Sim,Sim,Não,Não,Não,Não,Não
157,Haylou T19,https://youtu.be/Ca7oqqcFRS0,https://s.click.aliexpress.com/e/_DeUUtST,https://amzn.to/3092iWp,8.55,8.4,N/A,N/A,8.7,170,5,IPX4,Intra Auricular,Hastes,Sim,Não,Não,Não,Sim,Sim,Sim,Sim,Sim,Sim,Sim,Sim,Não,Não,Não,Não
158,Ugreen Hitune T1,https://youtu.be/gpFIF9UvUS4,https://s.click.aliexpress.com/e/_DB2vCzV,https://amzn.to/3aon6Lr,8.55,8.4,N/A,N/A,8.7,210,5,IPX5,Intra Auricular,Hastes,Não,Não,Não,Não,Não,Sim,Sim,Sim,Sim,Sim,Sim,Não,Não,Não,Não,Não
159,QCC010,https://youtu.be/qV80ni5MPuw,N/A,N/A,8.55,8.4,N/A,N/A,8.5,130,8,IPX5,Intra Auricular,Cápsulas,Sim,Não,Não,Não,Não,Sim,Sim,Sim,Sim,Sim,Não,Não,Não,Não,Não,Não
160,Haylou GT3,https://youtu.be/R8XTi-9Vsww,N/A,https://amzn.to/3Fv3vYb,8.55,8.4,N/A,N/A,8.5,135,4,IPX4,Intra Auricular,Hastes,Não,Não,Não,Não,Não,Sim,Sim,Sim,Sim,Sim,Não,Não,Não,Não,Não,Não
123,Padmate S28,https://youtu.be/C_MT7yVgNOs,https://bit.ly/3kWtIXU,https://amzn.to/3esNsy0,8.7,8.7,N/A,N/A,9,260,7,IPX4,Intra Auricular,Cápsulas,Não,Não,Não,Sim,Não,Sim,Sim,Sim,Sim,Sim,Sim,Não,Não,Não,Não,Não
124,Syllable S101 Plus,https://youtu.be/rAIhIk2jBF0,https://s.click.aliexpress.com/e/_DdeNhpZ,https://amzn.to/3BsaEWG,8.7,8.7,N/A,N/A,8.8,200,12,IPX6,Intra Auricular,Cápsulas,Não,Não,Não,Não,Não,Sim,Sim,Sim,Sim,Sim,Sim,Não,Não,Não,Não,Não
125,Syllable S101,https://youtu.be/EStvA-8v0Hs,https://s.click.aliexpress.com/e/_DczRe3D,https://amzn.to/3oL8SwG,8.7,8.7,N/A,N/A,8.7,170,10,IPX6,Intra Auricular,Cápsulas,Não,Não,Não,Não,Não,Sim,Sim,Sim,Sim,Sim,Sim,Não,Não,Não,Não,Não
126,Pamu Slide Mini,https://youtu.be/2SGAIK9XM5Y,https://bit.ly/3zYWZrS,https://amzn.to/3Dq08zQ,8.7,8.7,N/A,N/A,8.7,210,11,IPX6,Intra Auricular,Hastes,Sim,Não,Não,Não,Não,Sim,Sim,Sim,Não,Sim,Sim,Não,Não,Não,Não,Não
127,SoundPeats H2,https://youtu.be/Qmh5a2wHe_I,https://s.click.aliexpress.com/e/_DCvWlA7,https://amzn.to/3nQ4Lhd,8.7,8.7,N/A,N/A,8.7,400,5,IPX5,Intra Auricular,Hastes,Não,Não,Não,Sim,Não,Sim,Sim,Sim,Sim,Sim,Sim,Não,Não,Não,Não,Não
128,Pamu Nano,https://youtu.be/-Gpo8Ioopww,https://bit.ly/3oZcMAW,https://amzn.to/2WXCUSg,8.7,8.7,N/A,N/A,8.6,300,6,IPX6,Intra Auricular,Cápsulas,Sim,Não,Não,Não,Não,Sim,Sim,Sim,Não,Sim,Sim,Não,Não,Não,Não,Não
129,Xiaomi Redmi Buds 3 Lite,https://youtu.be/ybXiidrQb1A,https://s.click.aliexpress.com/e/_DklFNx9,https://amzn.to/38SU60Q,8.7,8.7,N/A,N/A,8.5,90,5,IP54,Intra Auricular,Cápsulas,Não,Não,Não,Sim,Não,Sim,Sim,Sim,Não,Não,Não,Não,Não,Não,Não,Não
130,Wavefun Xpods 3TS,https://youtu.be/DV1AARV0h6A,N/A,https://amzn.to/3lnD12Q,8.7,8.7,N/A,N/A,8.5,140,6,IPX7,Intra Auricular,Cápsulas,Sim,Não,Não,Não,Não,Sim,Sim,Sim,Sim,Sim,Sim,Não,Não,Não,Não,Não
131,Edifier Hecate GM4,https://youtu.be/YNfuIFbeWTs,https://s.click.aliexpress.com/e/_DmAbTYP,https://amzn.to/3iJr6uw,8.7,8.7,N/A,N/A,8.5,200,4,IPX5,Intra Auricular,Hastes,Não,Não,Não,Sim,Não,Sim,Sim,Sim,Sim,Sim,Não,Não,Não,Não,Não,Não
132,Wavefun Xpods 3T,https://youtu.be/O48zZj46YVQ,N/A,https://amzn.to/3ApC8uP,8.7,8.7,N/A,N/A,8,140,6,IPX7,Intra Auricular,Cápsulas,Sim,Não,Não,Não,Não,Sim,Sim,Sim,Sim,Sim,Sim,Não,Não,Não,Não,Não
133,Awei T19,https://youtu.be/PinG7bl88hY,N/A,https://amzn.to/3AjJv7f,8.7,8.7,N/A,N/A,8,215,5,IPX5,Intra Auricular,Cápsulas,Não,Não,Não,Sim,Não,Sim,Sim,Sim,Sim,Sim,Sim,Não,Não,Não,Não,Não
134,Nuarl N6 Mini 2 SE,https://youtu.be/IoYH1qG4mec,https://nuarl.com/,N/A,8.7,8.7,N/A,8.65,8.3,N/A,8,IPX7,Intra Auricular,Cápsulas,Não,Não,Sim,Sim,Não,Sim,Sim,Sim,Sim,Sim,Sim,Não,Não,Não,Não,Não
135,Nuarl N6 Pro Serie 2,https://youtu.be/IoYH1qG4mec,https://nuarl.com/,N/A,8.7,8.7,N/A,8.65,8.3,N/A,10,IPX4,Intra Auricular,Cápsulas,Não,Não,Sim,Sim,Não,Sim,Sim,Sim,Sim,Sim,Sim,Sim,Sim,Não,Não,Não
136,FIIL T1 Pro,https://youtu.be/_HXAOF05vIw,https://s.click.aliexpress.com/e/_DC5RFB9,https://amzn.to/3AoG2nR,8.7,8.5,N/A,N/A,9,340,7,IPX5,Intra Auricular,Cápsulas,Sim,Sim,Sim,Sim,Sim,Sim,Sim,Sim,Sim,Sim,Sim,Sim,Não,Não,Não,Não
152,SoundPeats Truengine 3 SE,https://youtu.be/Ac7CO2_Zo4A,https://s.click.aliexpress.com/e/_DkuOHkr,https://amzn.to/3Aqzyoz,8.6,8.5,N/A,N/A,8.8,230,6,IPX5,Intra Auricular,Cápsulas,Não,Não,Não,Não,Não,Sim,Sim,Sim,Sim,Sim,Sim,Não,Não,Não,Não,Não
153,Tranya B530 Pro,https://youtu.be/TdlR-5BPHbw,https://amzn.to/3jyyCJp,https://amzn.to/3FuQTQH,8.6,8.5,N/A,N/A,8.7,34,8.5,IPX5,Intra Auricular,Cápsulas,Não,Não,Não,Não,Não,Sim,Sim,Sim,Sim,Não,Sim,Não,Não,Não,Não,Não
154,Syllable S115,https://youtu.be/M4kJiQl6lns,https://s.click.aliexpress.com/e/_DdLAzRN,https://amzn.to/3Fu1345,8.6,8.5,N/A,N/A,8.7,175,10,IPX6,Intra Auricular,Cápsulas,Não,Não,Não,Não,Não,Sim,Sim,Sim,Sim,Sim,Sim,Não,Não,Não,Não,Não
155,QCY-T10,https://youtu.be/QTufWEijijY,N/A,https://amzn.to/3iJ6Edo,8.6,8.5,N/A,N/A,8.5,100,3.5,IPX5,Intra Auricular,Hastes,Não,Não,Não,Não,Não,Sim,Sim,Sim,Sim,Sim,Sim,Sim,Não,Não,Não,Não
156,Blitzwolf BW-FYE7,https://youtu.be/YbYJrFnLOxo,https://s.click.aliexpress.com/e/_Dl20iv9,https://amzn.to/3Aq2aOs,8.6,8.5,N/A,N/A,8,180,4.5,IPX4,Intra Auricular,Cápsulas,Não,Não,Não,Não,Não,Sim,Sim,Sim,Sim,Sim,Sim,Não,Não,Não,Não,Não
161,QCY-T8,https://youtu.be/NBqYPicUHww,https://s.click.aliexpress.com/e/_DEI0Zjl,https://amzn.to/3BpdJXP,8.5,8.5,N/A,N/A,8,170,4,IPX4,Intra Auricular,Hastes,Não,Não,Não,Não,Sim,Sim,Sim,Sim,Sim,Sim,Sim,Sim,Não,Não,Não,Não
162,QCC010 MAX,https://youtu.be/eODf7watjU4,N/A,N/A,8.5,8.3,N/A,N/A,8.7,120,8,IPX5,Intra Auricular,Cápsulas,Sim,Não,Não,Não,Não,Sim,Sim,Sim,Sim,Sim,Não,Não,Não,Não,Não,Não
163,Edifier X3,https://youtu.be/pHtUzRLEazk,https://s.click.aliexpress.com/e/_DkEwRDZ,https://amzn.to/3mBoyzF,8.5,8.3,N/A,N/A,8.7,125,6,IPX5,Intra Auricular,Hastes,Não,Não,Não,Não,Não,Sim,Sim,Sim,Sim,Sim,Não,Não,Não,Não,Não,Não
164,Xiaomi Redmi Airdots 3,https://youtu.be/5TOMlR3JZqA,https://s.click.aliexpress.com/e/_DlEbu7h,https://amzn.to/3oLR8Rt,8.5,8.3,N/A,N/A,8.5,200,5,IPX4,Intra Auricular,Cápsulas,Não,Não,Não,Não,Sim,Sim,Sim,Não,Não,Sim,Não,Não,Não,Não,Não,Não
165,Ugreen HiTune,https://youtu.be/dQUQi0gnm4w,N/A,https://amzn.to/3akTQ8j,8.5,8.3,N/A,N/A,8.5,260,7,IPX5,Intra Auricular,Cápsulas,Não,Não,Não,Não,Não,Sim,Sim,Sim,Sim,Sim,Não,Não,Não,Não,Não,Não
166,Syllable S103,https://youtu.be/yYvFDZ1eXgg,N/A,https://amzn.to/3BrPb06,8.5,8.3,N/A,N/A,8,90,4,IPX6,Intra Auricular,Cápsulas,Não,Não,Não,Não,Não,Sim,Sim,Sim,Sim,Sim,Sim,Não,Não,Não,Não,Não
167,Tronsmart Onyx Free,https://youtu.be/dzMEUNyxAu4,https://bit.ly/2GsP3pQ,https://amzn.to/3oKOY4Q,8.5,8.3,N/A,N/A,8,140,6,IPX7,Intra Auricular,Cápsulas,Não,Não,Não,Não,Não,Sim,Sim,Sim,Sim,Sim,Sim,Não,Não,Não,Não,Não
168,Blitzwolf BW-FLB2,https://youtu.be/QOMWViE3goE,N/A,https://amzn.to/3uSZHv5,8.5,8.3,N/A,N/A,8,170,4,IPX4,Intra Auricular,Hastes,Não,Não,Não,Sim,Não,Sim,Sim,Sim,Sim,Sim,Sim,Não,Não,Não,Não,Não
169,Lenovo XT90,https://youtu.be/uukPYz4Ts-k,https://s.click.aliexpress.com/e/_DkBI1NZ,https://amzn.to/3iM6j9w,8.5,8.3,N/A,N/A,7.5,65,3,IP54,Intra Auricular,Hastes,Não,Não,Não,Não,Não,Sim,Sim,Sim,Sim,Sim,Sim,Não,Não,Não,Não,Não
170,ZMI PurPods Pro,https://youtu.be/v6q4AUPpuMM,N/A,https://amzn.to/3oKMyD2,8.5,8.3,8.3,8.3,8.5,340,10,IPX4,Intra Auricular,Hastes,Sim,Sim,Sim,Não,Sim,Sim,Sim,Sim,Não,Sim,Não,Não,Não,Não,Não,Não
171,Blitzwolf BW-ANC2,https://youtu.be/geUr86MgLaA,N/A,https://amzn.to/3oeqcYP,8.5,8.3,7,N/A,7.5,205,30,IPX5,Intra Auricular,Com Fio,Não,Sim,Não,Não,Não,Sim,Sim,Sim,Sim,Não,Sim,Não,Não,Não,Não,Não
172,KZ S1 Hybrid,https://youtu.be/aRc84fUovfo,N/A,https://amzn.to/3BkP2eZ,8.4,8.2,N/A,N/A,8.5,130,3,N/A,Intra Auricular,Cápsulas,Não,Não,Não,Sim,Não,Sim,Sim,Sim,Sim,Sim,Não,Não,Não,Não,Não,Não
173,Blackview Airbuds 10 Pro,https://youtu.be/eTFa0_yICtM,https://s.click.aliexpress.com/e/_DnSB259,https://amzn.to/3CPxDgW,8.4,8,N/A,N/A,8.8,200,5.5,IP68,Intra Auricular,Com Gancho,Não,Não,Não,Não,Não,Sim,Sim,Sim,Sim,Sim,Sim,Não,Não,Não,Não,Não
174,Tranya X3,https://youtu.be/M7QSRLCgUsw,https://amzn.to/3R252vf,https://amzn.to/3R252vf,8.4,8,N/A,N/A,8.8,260,8,IPX5,Intra Auricular,Com Gancho,Não,Não,Não,Sim,Não,Sim,Sim,Sim,Sim,Sim,Sim,Não,Não,Não,Não,Não
175,Blitzwolf BW-FYE8,https://youtu.be/Q3wk-n636Ww,https://s.click.aliexpress.com/e/_DBBcHOx,https://amzn.to/3DiPPxq,8.4,8,N/A,N/A,8.7,180,8.5,IPX5,Intra Auricular,Hastes,Não,Não,Não,Não,Não,Sim,Sim,Sim,Sim,Sim,Sim,Não,Não,Não,Não,Não
176,Xiaomi Redmi Airdots S,https://youtu.be/vCgeumZSycw,https://s.click.aliexpress.com/e/_DFueYJ1,https://amzn.to/3Foof3X,8.4,8,N/A,N/A,8.5,50,4,IPX4,Intra Auricular,Cápsulas,Não,Não,Não,Sim,Não,Sim,Sim,Não,Não,Sim,Não,Não,Não,Não,Não,Não
177,Xiaomi Redmi Airdots 2,https://youtu.be/sUEYPGV54dQ,https://s.click.aliexpress.com/e/_DDZad0n,https://amzn.to/3alUC4Q,8.4,8,N/A,N/A,8.5,50,4,IPX4,Intra Auricular,Cápsulas,Não,Não,Não,Não,Não,Sim,Sim,Não,Não,Sim,Não,Não,Não,Não,Não,Não
178,QCY-T5,https://youtu.be/EcKxqpxFySI,https://s.click.aliexpress.com/e/_DdP07kP,https://amzn.to/3AoWswu,8.4,8,N/A,N/A,8.5,70,4,IPX4,Intra Auricular,Hastes,Não,Não,Não,Sim,Não,Sim,Sim,Sim,Sim,Sim,Não,Não,Não,Não,Não,Não
179,Xiaomi Redmi Airdots 2S,https://youtu.be/Qhe6167V9rY,N/A,https://amzn.to/2YyFo9V,8.4,8,N/A,N/A,8.5,100,4,N/A,Intra Auricular,Cápsulas,Não,Não,Não,Sim,Sim,Sim,Sim,Não,Não,Sim,Não,Não,Não,Não,Não,Não
180,QCY-T4,https://youtu.be/2FIBwC7Y6ZU,N/A,https://amzn.to/3DnPlGC,8.4,8,N/A,N/A,8,125,4,IPX4,Intra Auricular,Cápsulas,Não,Não,Não,Sim,Não,Sim,Sim,Sim,Sim,Sim,Sim,Sim,Não,Não,Não,Não
181,QCY Crossky Link,https://youtu.be/s592yr2LfXc,https://s.click.aliexpress.com/e/_DDlYOCf,https://amzn.to/3OUHusF,8.4,7.7,N/A,N/A,8.8,100,10,IPX6,Intra Auricular,Com Gancho,Não,Não,Não,Sim,Não,Sim,Sim,Sim,Sim,Sim,Sim,Sim,Não,Não,Não,Não
182,AirPods Pro 2 Shopee,https://youtu.be/kHGdSPOImLA,https://shope.ee/4KlCfFqnR2,N/A,8,8.7,N/A,N/A,8,85,3,N/A,Intra Auricular,Hastes,Sim,Não,Sim,Não,Não,Sim,Sim,Sim,Sim,Sim,Sim,Sim,Não,Não,Não,Não
183,ANC Air30 Pro,https://youtu.be/3fyGuW3h5n0,https://shope.ee/2pwFYNrSka,N/A,8,8.55,7.7,7.7,8,180,3,N/A,Intra Auricular,Hastes,Sim,Sim,Sim,Não,Sim,Sim,Sim,Sim,Sim,Sim,Não,Sim,Não,Não,Não,Não
184,ANC Air21 Pro,https://youtu.be/jrj0RGS_BWs,https://shope.ee/2pwFYNrSka,N/A,8,8.55,7.7,7.7,8,N/A,3,N/A,Intra Auricular,Hastes,Sim,Sim,Sim,Não,Sim,Sim,Sim,Sim,Sim,Sim,Não,Sim,Não,Não,Não,Não
185,ANC Air20 Pro,https://youtu.be/xepkzxPCwBU,https://shope.ee/2pwFYNrSka,N/A,8,8.55,7.7,7.7,8,N/A,3,N/A,Intra Auricular,Hastes,Sim,Sim,Sim,Não,Sim,Sim,Sim,Sim,Sim,Sim,Não,Sim,Não,Não,Não,Não
186,i500 AirPro TWS,https://youtu.be/G7EVLIlSdAg,https://shope.ee/2pwFYNrSka,N/A,8,8.5,N/A,N/A,8.5,N/A,3,N/A,Intra Auricular,Hastes,Sim,Não,Não,Não,Sim,Sim,Sim,Sim,Sim,Sim,Não,Não,Não,Não,Não,Não
187,Air4 Pro TWS,https://youtu.be/AKiTrY9QSCY,https://shope.ee/2pwFYNrSka,N/A,8,8.5,N/A,N/A,8,N/A,3,N/A,Intra Auricular,Hastes,Sim,Não,Não,Não,Sim,Sim,Sim,Sim,Sim,Sim,Sim,Sim,Não,Não,Não,Não
188,i900.000 Pro TWS,https://youtu.be/Aj_taKxq2yY,https://shope.ee/2pwFYNrSka,N/A,8,8.5,N/A,N/A,8,N/A,3,N/A,Intra Auricular,Hastes,Sim,Não,Não,Não,Sim,Sim,Sim,Sim,Sim,Sim,Não,Não,Não,Não,Não,Não
189,ANC Air13 Plus,https://youtu.be/9wpl2YUUzrc,https://shope.ee/2pwFYNrSka,N/A,8,8.5,7.7,7.7,8.2,N/A,3,N/A,Intra Auricular,Hastes,Sim,Sim,Sim,Não,Sim,Sim,Sim,Sim,Sim,Sim,Não,Sim,Não,Não,Não,Não
190,ANC Air12 Plus,https://youtu.be/XbKTNCunnO4,https://shope.ee/2pwFYNrSka,N/A,8,8.5,7.5,7.5,8,N/A,3,N/A,Intra Auricular,Hastes,Sim,Sim,Sim,Não,Sim,Sim,Sim,Sim,Sim,Sim,Não,Sim,Não,Não,Não,Não
191,SkyPods 3 TWS,https://youtu.be/epgdaLfieiI,https://shope.ee/2pwFYNrSka,N/A,8,8,N/A,N/A,8,N/A,3,N/A,Intra Auricular,Hastes,Sim,Não,Sim,Não,Sim,Sim,Sim,Sim,Sim,Sim,Não,Não,Não,Não,Não,Não
192,Haylou GT1 XR,https://youtu.be/1nTgENONwqg,N/A,https://amzn.to/3Dfx7qG,7.5,7.5,N/A,N/A,8.5,130,3.5,IPX5,Intra Auricular,Cápsulas,Não,Não,Não,Não,Não,Sim,Sim,Sim,Sim,Sim,Não,Não,Não,Não,Não,Não
193,Bluedio S6,https://youtu.be/XiOnAMTJFGE,https://s.click.aliexpress.com/e/_Dl3CQnv,https://amzn.to/3GiZtD8,7.5,7.5,N/A,N/A,7.5,135,7,N/A,Intra Auricular,Com Gancho,Não,Não,Não,Não,Não,Sim,Sim,Sim,Sim,Sim,Sim,Não,Não,Não,Não,Não
194,TOZO Tonal Fits T21,https://youtu.be/-dxeghI3bM0,N/A,https://amzn.to/3QlcIJI,8.71,8.72,N/A,N/A,8.9,250,6,IPX8,Auricular,Hastes,Sim,Não,Não,Não,Não,Sim,Sim,Sim,Sim,Sim,Sim,Sim,Não,Não,Não,Não
195,SoundPeats Air 4,https://youtu.be/gb_u3qg5U7U,https://s.click.aliexpress.com/e/_DmCRBux,https://amzn.to/47yjdjc,8.71,8.72,7,N/A,8,250,7,IPX5,Auricular,Hastes,Não,Sim,Não,Sim,Não,Sim,Sim,Sim,Não,Sim,Sim,Não,Sim,Não,Não,Não
196,SoundPeats Air 4 Lite,https://youtu.be/LuckLdI76jM,https://s.click.aliexpress.com/e/_DmoBFJT,https://amzn.to/3tIYUAQ,8.71,8.71,N/A,N/A,8.7,250,7,IPX5,Auricular,Hastes,Não,Não,Não,Sim,Não,Sim,Sim,Sim,Sim,Sim,Sim,Não,Sim,Não,Não,Não
200,QCY-T21 Fairybuds,https://youtu.be/QMa4-jr36CQ,https://s.click.aliexpress.com/e/_DcJF9Vh,https://amzn.to/3Ck4qec,8.67,8.66,N/A,N/A,8.9,135,6,N/A,Auricular,Hastes,Não,Não,Não,Sim,Não,Sim,Sim,Sim,Sim,Sim,Sim,Sim,Não,Não,Não,Não
201,QCY-T20,https://youtu.be/e25rUw3sMNI,https://s.click.aliexpress.com/e/_DCGrNtZ,https://amzn.to/3cOv2dv,8.67,8.66,N/A,N/A,8.7,120,5.5,IPX4,Auricular,Hastes,Não,Não,Não,Sim,Não,Sim,Sim,Sim,Sim,Sim,Sim,Sim,Não,Não,Não,Não
203,Tranya F4,https://youtu.be/6e6-sEYTuSM,https://amzn.to/3Wk25qN,https://amzn.to/3Wk25qN,8.67,8.65,N/A,N/A,8.8,150,6,IPX5,Auricular,Hastes,Não,Não,Não,Sim,Não,Sim,Sim,Sim,Sim,Sim,Sim,Não,Não,Não,Não,Não
204,Tranya F1,https://youtu.be/F23fY-PGBDc,https://amzn.to/3AOcW4G,https://amzn.to/3AOcW4G,8.67,8.65,N/A,N/A,8.8,200,7,IPX5,Auricular,Hastes,Não,Não,Não,Sim,Não,Sim,Sim,Sim,Sim,Sim,Sim,Não,Não,Não,Não,Não
205,HONOR Choice Earbuds X,https://youtu.be/YTEpoEhTnTI,https://s.click.aliexpress.com/e/_DnOtqqf,https://amzn.to/3aETWuN,8.67,8.65,N/A,N/A,8.7,165,6,IPX4,Auricular,Hastes,Não,Não,Não,Sim,Não,Sim,Sim,Sim,Sim,Sim,Não,Não,Não,Não,Não,Não
206,SoundPeats True Air2,https://youtu.be/QK5KC9Jetnc,https://s.click.aliexpress.com/e/_DkwL84T,https://amzn.to/3Ap6zRS,8.65,8.61,N/A,N/A,8.7,140,5,IPX4,Auricular,Hastes,Não,Não,Não,Sim,Não,Sim,Sim,Sim,Sim,Sim,Sim,Não,Não,Não,Não,Não
207,Tronsmart Onyx Ace Pro,https://youtu.be/dyiNfHijWrw,https://s.click.aliexpress.com/e/_DeuNV3l,https://amzn.to/3sqSaU3,8.65,8.61,N/A,N/A,8.7,180,6.5,IPX5,Auricular,Hastes,Não,Não,Não,Sim,Não,Sim,Sim,Sim,Sim,Sim,Sim,Não,Não,Não,Não,Não
207,Blitzwolf BW-FYE9,https://youtu.be/NWIaAMrGOEY,N/A,https://amzn.to/2YwCEtE,8.64,8.61,N/A,N/A,8.7,215,6,IPX4,Auricular,Hastes,Não,Não,Não,Não,Não,Sim,Sim,Sim,Sim,Sim,Sim,Não,Não,Não,Não,Não
208,Haylou MoriPods,https://youtu.be/aKEATJZa2QE,https://s.click.aliexpress.com/e/_DkxoOdH,https://amzn.to/3mzVGIe,8.64,8.61,N/A,N/A,8.7,160,6,IPX4,Auricular,Hastes,Não,Não,Não,Não,Não,Sim,Sim,Sim,Sim,Sim,Não,Não,Não,Não,Não,Não
223,Syllable S8,https://youtu.be/aE5GKeaba1E,https://s.click.aliexpress.com/e/_DdVGYVV,https://amzn.to/2YyAiL7,8.35,8.3,N/A,N/A,8.5,70,5,IPX6,Auricular,Hastes,Não,Não,Não,Não,Não,Sim,Sim,Sim,Sim,Sim,Sim,Não,Não,Não,Não,Não
224,Mifa X17,https://youtu.be/dhnCpQc9WrQ,https://s.click.aliexpress.com/e/_De9xR1v,https://amzn.to/3DnHusn,8.35,8.3,N/A,N/A,8.5,150,5,IPX5,Auricular,Hastes,Sim,Não,Não,Não,Não,Sim,Sim,Sim,Sim,Sim,Não,Não,Não,Não,Não,Não
225,Ugreen Hitune T2,https://youtu.be/t-BSyZJrkIA,https://s.click.aliexpress.com/e/_DBvFTDv,https://amzn.to/3iK5mi6,8.35,8.3,N/A,N/A,8.5,210,4,IPX5,Auricular,Hastes,Sim,Não,Não,Sim,Não,Sim,Sim,Sim,Sim,Sim,Não,Não,Não,Não,Não,Não
197,SoundPeats Air3,https://youtu.be/EtDZauw1hS4,https://s.click.aliexpress.com/e/_Ddg3XcJ,https://amzn.to/3mhFpZo,8.7,8.7,N/A,N/A,8.7,210,5,IPX5,Auricular,Hastes,Não,Não,Não,Sim,Sim,Sim,Sim,Sim,Sim,Sim,Sim,Não,Não,Não,Não,Não
198,SoundPeats Air3 Deluxe HS,https://youtu.be/sOxg0RR0MdE,https://s.click.aliexpress.com/e/_DBE3Lsf,https://amzn.to/3TPZ6VP,8.7,8.7,N/A,N/A,8.7,230,5,IPX4,Auricular,Hastes,Não,Não,Não,Sim,Sim,Sim,Sim,Sim,Sim,Sim,Sim,Não,Não,Não,Não,Não
199,Xiaomi Redmi Buds 4 Lite,https://youtu.be/WkuCNZ2ZGwA,https://s.click.aliexpress.com/e/_DF1rNjp,https://amzn.to/3Yd2ON2,8.7,8.69,N/A,N/A,8.7,90,5,IP54,Auricular,Hastes,Não,Não,Não,Sim,Não,Sim,Sim,Sim,Não,Não,Não,Não,Não,Não,Não,Não
208,HONOR Earbuds X5,https://youtu.be/5aftyPgSIis,https://s.click.aliexpress.com/e/_DmbvTCj,https://amzn.to/46QumdK,8.6,8.61,N/A,N/A,8.7,125,5,N/A,Auricular,Hastes,Não,Não,Não,Não,Sim,Sim,Sim,Sim,Não,Sim,Sim,Sim,Sim,Não,Não,Não
209,Baseus W05,https://youtu.be/xQHEvSyCPRw,N/A,https://amzn.to/3Dq1bQi,8.6,8.6,N/A,N/A,8.7,100,4,IP55,Auricular,Hastes,Sim,Não,Não,Não,Sim,Sim,Sim,Sim,Sim,Sim,Não,Não,Não,Não,Não,Não
209,Edifier X2,https://youtu.be/AgbIj4FLtCE,https://s.click.aliexpress.com/e/_DFahRxl,https://amzn.to/3ipUDJe,8.6,8.6,N/A,N/A,8.7,105,7,IP54,Auricular,Hastes,Não,Não,Não,Sim,Não,Sim,Sim,Sim,Não,Sim,Não,Não,Não,Não,Não,Não
210,HONOR Earbuds X2,https://youtu.be/sL7ufMNQlQs,https://s.click.aliexpress.com/e/_Dc85RDD,https://amzn.to/3QFrGId,8.6,8.6,N/A,N/A,8.7,140,6,IPX4,Auricular,Hastes,Não,Não,Não,Sim,Não,Sim,Sim,Sim,Sim,Sim,Não,Não,Não,Não,Não,Não
211,Xiaomi Redmi Buds 3,https://youtu.be/royvcL5qTBg,https://s.click.aliexpress.com/e/_DdIcU3z,https://amzn.to/3ws1KsD,8.6,8.6,N/A,N/A,8.7,140,5,IP54,Auricular,Hastes,Não,Não,Não,Não,Sim,Sim,Sim,Sim,Sim,Não,Não,Não,Não,Não,Não,Não
212,Tronsmart Onyx Ace,https://youtu.be/H1LvRTcSfaM,N/A,https://amzn.to/3mSBi5l,8.6,8.6,N/A,N/A,8.7,150,5,IPX5,Auricular,Hastes,Não,Não,Não,Não,Não,Sim,Sim,Sim,Sim,Sim,Sim,Não,Não,Não,Não,Não
213,SoundPeats Wings 2,https://youtu.be/eLFmKSow6bY,https://s.click.aliexpress.com/e/_DFWM5eX,https://amzn.to/3LL5ZX5,8.6,8.6,N/A,N/A,8.7,170,7,IPX5,Auricular,Com Gancho,Não,Não,Não,Sim,Não,Sim,Sim,Sim,Sim,Sim,Sim,Não,Não,Não,Não,Não
214,Huawei Freebuds SE 2,https://youtu.be/2GSjvXBBJow,https://s.click.aliexpress.com/e/_DlgUzjZ,https://amzn.to/3teAPkO,8.6,8.6,N/A,N/A,8.7,175,9,IP54,Auricular,Hastes,Não,Não,Não,Sim,Não,Sim,Sim,Sim,Sim,Sim,Não,Sim,Não,Não,Não,Não
215,Xiaomi Air2 SE,https://youtu.be/UxlseXRaGc8,https://s.click.aliexpress.com/e/_DBcAEoj,https://amzn.to/3Akl0Xj,8.6,8.6,N/A,N/A,8.5,50,5,N/A,Auricular,Hastes,Não,Não,Não,Não,Sim,Sim,Sim,Não,Não,Não,Não,Não,Não,Não,Não,Não
216,Syllable J9,https://youtu.be/ekhZSXdUV5I,https://s.click.aliexpress.com/e/_DlrqNCB,https://amzn.to/3BdNGFA,8.5,8.6,N/A,N/A,8,100,5,IPX6,Auricular,Hastes,Não,Não,Não,Não,Não,Sim,Sim,Sim,Sim,Sim,Não,Não,Não,Não,Não,Não
217,Edifier TWS200,https://youtu.be/QDA34iPRtng,N/A,https://amzn.to/3akM7ad,8.5,8.5,N/A,N/A,8.8,N/A,6,IPX4,Auricular,Hastes,Não,Não,Não,Não,Não,Sim,Sim,Não,Não,Sim,Não,Não,Não,Não,Não,Não
218,TOZO Open Buds,https://youtu.be/qmoE6ebBkKI,https://s.click.aliexpress.com/e/_DdBq4gJ,https://amzn.to/411IDmC,8.5,8.5,N/A,N/A,8.7,365,12,IPX6,Auricular,Com Gancho,Não,Não,Não,Não,Não,Sim,Sim,Sim,Sim,Sim,Sim,Sim,Não,Não,Não,Não
219,Baseus W04 Pro,https://youtu.be/iarlN2hYbF0,https://s.click.aliexpress.com/e/_Dm5htlv,https://amzn.to/3DpmeCM,8.5,8.5,N/A,N/A,8,180,5,IP54,Auricular,Hastes,Sim,Não,Não,Não,Não,Sim,Sim,Sim,Sim,Sim,Não,Não,Não,Não,Não,Não
220,Wavefun V,https://youtu.be/YOX7XAEL2Nk,N/A,https://amzn.to/3an0RoZ,8.5,"8,5",N/A,N/A,8.5,90,4,IPX5,Auricular,Hastes,Não,Não,Não,Não,Não,Sim,Sim,Sim,Sim,Sim,Não,Não,Não,Não,Não,Não
221,QCY Crossky GTR,https://youtu.be/CNhx4mr0IoM,https://s.click.aliexpress.com/e/_Dns99lh,https://amzn.to/3KfbcGn,8.4,8,N/A,N/A,8.8,340,6,IPX5,Auricular,Com Gancho,Não,Não,Não,Sim,Não,Sim,Sim,Sim,Sim,Sim,Sim,Sim,Não,Não,Não,Não
222,OneOdio OpenRock S,https://youtu.be/zGyATE07YUo,https://s.click.aliexpress.com/e/_DBQX9WJ,https://amzn.to/45dTz1G,8.4,8,N/A,N/A,8.8,450,19,IPX5,Auricular,Com Gancho,Não,Não,Não,Não,Não,Sim,Sim,Sim,Sim,Sim,Não,Não,Não,Não,Não,Não
226,i500 BlackPods,https://youtu.be/-c_4EiUZk0U,https://shope.ee/6KW7jFTERM,N/A,8,9,N/A,N/A,8,N/A,3,N/A,Auricular,Hastes,Sim,Não,Não,Não,Sim,Sim,Sim,Sim,Sim,Sim,Não,Não,Não,Não,Não,Não
227,A900 TWS,https://youtu.be/Ai8ojypjb6k,https://shope.ee/frkzJL9jE,N/A,8,8.6,N/A,N/A,8.7,220,6,N/A,Auricular,Hastes,Sim,Não,Não,Não,Sim,Sim,Sim,Sim,Sim,Sim,Não,Sim,Não,Não,Não,Não
228,Air60 TWS,https://youtu.be/6y6uNNahuAM,https://shope.ee/frkzJL9jE,N/A,8,8.5,N/A,N/A,8.7,200,3.5,N/A,Auricular,Hastes,Sim,Não,Não,Não,Sim,Sim,Sim,Sim,Sim,Sim,Não,Sim,Não,Não,Não,Não
229,i99999 TWS,https://youtu.be/GpUJ51CWsNs,https://shope.ee/6KW7jFTERM,N/A,8,8.5,N/A,N/A,8,75,3.5,N/A,Auricular,Hastes,Sim,Não,Não,Não,Sim,Sim,Sim,Sim,Sim,Sim,Sim,Sim,Não,Não,Não,Não
230,IP12 Pro TWS,https://youtu.be/DaiWncr3VW4,https://shope.ee/6KW7jFTERM,N/A,8,8.5,N/A,N/A,8,N/A,3.5,N/A,Auricular,Hastes,Sim,Não,Não,Não,Sim,Sim,Sim,Sim,Sim,Sim,Sim,Sim,Não,Não,Não,Não
231,SkyPods Pro TWS,https://youtu.be/EPkFIY7f5zI,https://shope.ee/6KW7jFTERM,N/A,8,8.5,N/A,N/A,8,N/A,3.5,N/A,Auricular,Hastes,Sim,Não,Não,Não,Sim,Sim,Sim,Sim,Sim,Sim,Sim,Sim,Não,Não,Não,Não
232,AirPods Mini Pro 5S,https://youtu.be/N9wK_oItbaU,https://s.click.aliexpress.com/e/_DdhOf6b,N/A,8,8.3,N/A,N/A,7.5,70,4,N/A,Auricular,Cápsulas,Sim,Não,Não,Não,Não,Sim,Sim,Sim,Sim,Sim,Sim,Sim,Não,Não,Não,Não
233,QCY-T7,https://youtu.be/IYl3YkxnPSs,https://s.click.aliexpress.com/e/_DePRZ1p,https://amzn.to/3AtjiD8,8,8,N/A,N/A,8,90,4,IPX4,Auricular,Hastes,Não,Não,Não,Não,Sim,Sim,Sim,Sim,Sim,Sim,Sim,Sim,Não,Não,Não,Não
234,Réplica Perfeita,https://youtu.be/D_Tzrd8nzlc,https://shope.ee/6KW7jFTERM,N/A,8,8,N/A,N/A,8,N/A,3,N/A,Auricular,Hastes,Sim,Não,Não,Não,Sim,Sim,Sim,Sim,Sim,Sim,Sim,Sim,Não,Não,Não,Não
235,Ambie Sound Earcuffs,https://youtu.be/rmap6OA4yzA,https://s.click.aliexpress.com/e/_DFTbCD1,https://amzn.to/3Fplu3b,7.3,7.5,N/A,N/A,8.8,80,4,IPX5,Auricular,Com Gancho,Não,Não,Não,Não,Não,Sim,Sim,Sim,Sim,Sim,Sim,Não,Não,Não,Não,Não
236,Naenka Runner Neo,https://youtu.be/Qm3dpZOD-dQ,http://www.naenka.com/,https://amzn.to/3rVZcmo,7.2,7.5,N/A,N/A,8.7,540,10,IP66,Auricular,Com Gancho,Sim,Não,Não,Não,Não,Sim,Sim,Sim,Sim,Sim,Sim,Não,Não,Não,Não,Não
237,Haylou PurFree,https://youtu.be/Lh3xEGBllJw,https://s.click.aliexpress.com/e/_DmH5BBH,https://amzn.to/3NlQqoM,7.2,7.5,N/A,N/A,8.7,550,8,IP67,Auricular,Com Gancho,Não,Não,Não,Não,Não,Sim,Sim,Sim,Sim,Sim,Sim,Não,Não,Não,Não,Não
238,Padmate S30,https://youtu.be/rmap6OA4yzA,https://bit.ly/3p2Gkhg,https://amzn.to/362D6Um,7.2,7,N/A,N/A,7.5,300,8,IPX5,Auricular,Com Gancho,Não,Não,Não,Não,Não,Sim,Sim,Sim,Sim,Sim,Não,Não,Não,Não,Não,Não